Stratify_Col,Seed,Model,Outlier_Mode,Test_R2,Test_RMSE,Test_MAE,CV_R2_Mean
pH,0,RandomForest,none,0.14319279830589826,200.29677560259185,65.31837963636363,0.7582597378348143
pH,0,ExtraTrees,none,0.4986242373830686,153.2195109171566,57.565031636363614,0.8331891363254096
pH,0,KNN,none,0.5243855369668594,149.23130274722106,63.62808084983346,0.8463886290612553
pH,0,Ridge,none,0.4762599184882521,156.5994778544178,71.72787136375173,0.8558389458580955
pH,0,MLP,none,-0.121370722325856,229.14321935248756,104.80232585729806,0.8570439521858052
pH,0,RandomForest,winsorize_1_99,0.06709022797178699,209.00285807813995,66.56224836363634,0.7600213740836306
pH,0,ExtraTrees,winsorize_1_99,0.3162792320398543,178.9253147305772,62.2427203636363,0.8184214986193842
pH,0,KNN,winsorize_1_99,0.5323550247685402,147.9757466775041,64.80741337858952,0.8450650696878343
pH,0,Ridge,winsorize_1_99,0.5256179624217465,149.0378311778611,66.87589284600963,0.8487250825421381
pH,0,MLP,winsorize_1_99,0.4347182935899858,162.6915023050961,85.22999681475648,0.8611476967452466
pH,1,RandomForest,none,0.764949597772744,138.20888821247723,45.0497545454546,0.7900176773387063
pH,1,ExtraTrees,none,0.7733901271902377,135.70469946520564,40.07514872727272,0.8060643344692153
pH,1,KNN,none,0.7097266569406576,153.58862464941217,46.33481237845723,0.8185897332174934
pH,1,Ridge,none,0.7060834667201918,154.5494565678538,49.00251864357824,0.8109458809327034
pH,1,MLP,none,0.6994804001264192,156.27585189597312,47.69063583347467,0.7035311262900891
pH,1,RandomForest,winsorize_1_99,0.7765577723905921,134.7528937667583,45.4300552727273,0.7941154700642903
pH,1,ExtraTrees,winsorize_1_99,0.7738064411822099,135.5799879158406,40.62268872727268,0.8062548074223976
pH,1,KNN,winsorize_1_99,0.6741595983474459,162.7263713843395,51.01719174323946,0.8043806571402727
pH,1,Ridge,winsorize_1_99,0.7258756280581553,149.25514093979632,55.135262305331445,0.8006969167668754
pH,1,MLP,winsorize_1_99,0.729268282790277,148.3286496500535,48.284730213709466,0.6789876674997897
pH,2,RandomForest,none,0.9051650900241583,35.03830919217581,19.45241890909099,0.6244773932968881
pH,2,ExtraTrees,none,0.9126763452947206,33.62211075259838,17.842683636363674,0.7315379355324512
pH,2,KNN,none,0.8664764167399175,41.575550832114736,21.265436367915427,0.7597911718554688
pH,2,Ridge,none,0.7884317183858529,52.33404480674342,31.269324581750304,0.7782379836762878
pH,2,MLP,none,0.6573412914094046,66.60240464889196,38.170285317094724,0.7495587713576886
pH,2,RandomForest,winsorize_1_99,0.9022630042791459,35.57038085604874,19.697179636363714,0.6019903516475545
pH,2,ExtraTrees,winsorize_1_99,0.9115601352568533,33.83631484695506,18.02221127272736,0.697883890855004
pH,2,KNN,winsorize_1_99,0.8900195869049894,37.73259688604284,21.176866808784546,0.7433114015038603
pH,2,Ridge,winsorize_1_99,0.7132789619399242,60.92405516936724,34.39027007760751,0.7188461211000796
pH,2,MLP,winsorize_1_99,0.7531956211823789,56.52433386432473,30.811048648932662,0.6836421548736886
pH,3,RandomForest,none,0.7524708640651543,89.77337792536194,35.24842145454544,0.4928826720929068
pH,3,ExtraTrees,none,0.8038296949911157,79.91918337375202,33.869217090908975,0.6892068415658622
pH,3,KNN,none,0.8829538798485208,61.7323649545472,29.661603828306088,0.7054066697484912
pH,3,Ridge,none,0.7980322576705645,81.09151407481457,38.51818809437428,0.6728044289426686
pH,3,MLP,none,0.704029590767882,98.16542482171738,50.10169066244108,0.758065477564633
pH,3,RandomForest,winsorize_1_99,0.7613705843536621,88.1447383140098,34.77941345454541,0.4586751063051124
pH,3,ExtraTrees,winsorize_1_99,0.7751123093829992,85.56915557106268,35.0237614545454,0.615163813166603
pH,3,KNN,winsorize_1_99,0.8726829565557288,64.38395873111885,29.619709447122577,0.7077210633353956
pH,3,Ridge,winsorize_1_99,0.8207962748033503,76.38497143360892,40.54287452074024,0.6140067515818063
pH,3,MLP,winsorize_1_99,0.6228359794215996,110.81525042456218,52.51063317866172,0.7431501247595159
pH,4,RandomForest,none,0.764602047575457,165.41724273804687,55.40374181818176,0.633444634642951
pH,4,ExtraTrees,none,0.7507232549260439,170.22381505021247,60.659104727272684,0.6359674372010963
pH,4,KNN,none,0.724064342018825,179.09495414279345,55.89497769731655,0.6094831876489261
pH,4,Ridge,none,0.787732893707445,157.07996173409987,51.88790685746943,0.6616362608143078
pH,4,MLP,none,0.32778989657519353,279.53227232022033,100.98944922364858,0.5021201996248836
pH,4,RandomForest,winsorize_1_99,0.8185908278905223,145.21419034597739,51.43208218181814,0.49136221040124967
pH,4,ExtraTrees,winsorize_1_99,0.7865252997255947,157.52614437188376,57.2194069090908,0.5582873627949619
pH,4,KNN,winsorize_1_99,0.7192261630953183,180.65823190669454,53.40807648229129,0.6314764543417194
pH,4,Ridge,winsorize_1_99,0.8027250310796594,151.43122266343502,56.80371428187862,0.5394008120056637
pH,4,MLP,winsorize_1_99,0.36425408650241753,271.8449225004176,95.85335504107911,0.523301817565493
pH,5,RandomForest,none,-0.7207019154368648,204.38022133327783,55.86618109090912,0.8538160366298332
pH,5,ExtraTrees,none,0.1187715970137837,146.26158899378913,46.46641200000005,0.8842633336790637
pH,5,KNN,none,0.2122251403085772,138.28883009679086,44.092005615130894,0.8270733656357304
pH,5,Ridge,none,0.33542115471239664,127.01625406112184,49.4589091000433,0.8299107126911673
pH,5,MLP,none,0.6662793423439424,90.0072700160985,43.43908019742209,0.7140254447080236
pH,5,RandomForest,winsorize_1_99,-0.8133896959450979,209.8126243009326,56.6111916363637,0.8482452220057107
pH,5,ExtraTrees,winsorize_1_99,-0.2192828353469265,172.04350195337187,51.4678501818182,0.8934771159212287
pH,5,KNN,winsorize_1_99,0.25764867719019424,134.24273368338325,44.781863483072144,0.8215909917848808
pH,5,Ridge,winsorize_1_99,0.079649932853881,149.47293705273148,64.77309492507133,0.8653283767479518
pH,5,MLP,winsorize_1_99,0.6312105765001915,94.61832874427068,42.53232105824282,0.7115241512976987
pH,6,RandomForest,none,0.8701579564426848,65.04830164458511,25.59046872727269,0.8071785764478789
pH,6,ExtraTrees,none,0.8207016073509144,76.43926264131855,31.737041818181694,0.8508284917156701
pH,6,KNN,none,0.8134741060983823,77.96467195731675,29.797351153261864,0.7603043542365866
pH,6,Ridge,none,0.6676337765325142,104.07267851470205,53.65225052833296,0.8072124841443037
pH,6,MLP,none,0.691108438908743,100.33011561223879,55.47347181017915,0.6082450000797706
pH,6,RandomForest,winsorize_1_99,0.8700616932213562,65.07241016413647,25.48631127272724,0.8179204228443838
pH,6,ExtraTrees,winsorize_1_99,0.8270730245024488,75.06883287523037,30.507134909090805,0.8671028837523158
pH,6,KNN,winsorize_1_99,0.7736268059517499,85.88964154326285,35.45055465657082,0.7353349291789494
pH,6,Ridge,winsorize_1_99,0.7707034103466877,86.44245423083345,47.26214950130568,0.8237851199943353
pH,6,MLP,winsorize_1_99,0.7689461959300641,86.77304793779776,44.3220470833444,0.675768162696522
pH,7,RandomForest,none,0.9136966123615613,58.2434222773027,24.50024909090912,0.7503269928964413
pH,7,ExtraTrees,none,0.8816503090175444,68.20504941696487,29.53980072727275,0.7998154002300568
pH,7,KNN,none,0.9306355623334611,52.21573537026141,25.090353939822513,0.792403932631466
pH,7,Ridge,none,0.8550026563515669,75.49409560727848,33.18480346396211,0.8067455026620619
pH,7,MLP,none,0.8544376527296261,75.64103956090122,31.856584836465455,0.6455032321249561
pH,7,RandomForest,winsorize_1_99,0.9110815866974866,59.11923639943565,25.09959963636364,0.7438680920914734
pH,7,ExtraTrees,winsorize_1_99,0.8746318266551358,70.19830289681649,30.175826909090926,0.7841810516651677
pH,7,KNN,winsorize_1_99,0.9197019824745769,56.1804709307579,27.110931148695844,0.7933559160249714
pH,7,Ridge,winsorize_1_99,0.8809365301515358,68.41041598549906,34.46681142110671,0.7911019609021359
pH,7,MLP,winsorize_1_99,0.8958914621414238,63.96996856895684,32.32273214616188,0.7124557305672439
pH,8,RandomForest,none,0.7495086971018583,183.7086522097435,68.16111345454533,0.8077123211174028
pH,8,ExtraTrees,none,0.7553927198453939,181.5381788668919,66.60979236363622,0.8124516562867997
pH,8,KNN,none,0.6853602893143964,205.89227489649656,72.62018973108233,0.8031989825966583
pH,8,Ridge,none,0.7517651781926875,182.87933622198452,66.27616884280923,0.8209862328803629
pH,8,MLP,none,0.7638223376224094,178.38268433884838,68.35912993477878,0.5371976914597015
pH,8,RandomForest,winsorize_1_99,0.7650606549810461,177.91442523256208,69.49699890909078,0.7545394923571412
pH,8,ExtraTrees,winsorize_1_99,0.8019446633146041,163.35279121615363,62.558640363636194,0.757838684493985
pH,8,KNN,winsorize_1_99,0.7112295143668964,197.24667305157166,70.123295257465,0.7917241444565642
pH,8,Ridge,winsorize_1_99,0.7648316575938249,178.00111146955757,70.67638904919446,0.7756050251026447
pH,8,MLP,winsorize_1_99,0.797694471751769,165.0962315978767,61.060178344178354,0.5931243486157631
pH,9,RandomForest,none,0.8594133769480952,81.1363403442727,34.44000399999988,0.7893757026647032
pH,9,ExtraTrees,none,0.8417015575897109,86.09575447420096,36.678972727272516,0.8237112873491957
pH,9,KNN,none,0.8511745783183843,83.47991078560877,35.07834212360639,0.8058558591300298
pH,9,Ridge,none,0.8545090081570912,82.53943043079599,43.19863473031922,0.8390148761986149
pH,9,MLP,none,0.08863176228399938,206.58099258459532,97.1803706019655,0.6465484219778798
pH,9,RandomForest,winsorize_1_99,0.8585792526546979,81.3766822126454,34.545870909090794,0.7926683871376148
pH,9,ExtraTrees,winsorize_1_99,0.846018005298287,84.91382140222275,35.49113527272706,0.8350276636794801
pH,9,KNN,winsorize_1_99,0.8456215203133415,85.0230725227027,36.94757941014164,0.7746253315384821
pH,9,Ridge,winsorize_1_99,0.8064171591161351,95.20874595512645,52.469225128690596,0.8355263761113202
pH,9,MLP,winsorize_1_99,0.10719316533621714,204.46650263121032,96.71965936900109,0.6196635156457913
pH,10,RandomForest,none,0.9025180753032744,87.49840845245166,45.11942800000017,0.5537999187018571
pH,10,ExtraTrees,none,0.8738882651911852,99.52125770593001,49.920256363636376,0.6956381644154175
pH,10,KNN,none,0.9200368015604409,79.24706459027381,41.65579982344091,0.6879264143410811
pH,10,Ridge,none,0.9229519916306774,77.78911209138101,45.5789482189984,0.6797450257466505
pH,10,MLP,none,0.9139374413552044,82.21389662670771,44.72821222357712,0.5851568058292929
pH,10,RandomForest,winsorize_1_99,0.9129637707879147,82.67765296083815,43.30038727272741,0.5299065385119355
pH,10,ExtraTrees,winsorize_1_99,0.8801481816104202,97.01980995828576,47.229397454545456,0.6183691422103885
pH,10,KNN,winsorize_1_99,0.9547566410750834,59.60950642815124,33.16284514952399,0.6785745740711596
pH,10,Ridge,winsorize_1_99,0.9097582717264899,84.18637468446464,49.832884987877115,0.6311921344747738
pH,10,MLP,winsorize_1_99,0.9149763216379357,81.71617893727439,47.434214398822796,0.5823965106617595
pH,11,RandomForest,none,0.9198946267520441,25.939390611808278,15.144617090909101,0.7377570709940915
pH,11,ExtraTrees,none,0.9156661533813916,26.615210158069416,15.382795636363664,0.8002816046713042
pH,11,KNN,none,0.8744919671699258,32.46868548061977,18.82528165682344,0.776855334210173
pH,11,Ridge,none,0.8610895121072303,34.1583168940458,22.143559493912562,0.8102857937038358
pH,11,MLP,none,0.6679834771390396,52.809103323031195,27.601595639470233,0.7986549632734242
pH,11,RandomForest,winsorize_1_99,0.9196840564329816,25.973461241272265,15.131990545454556,0.7426135545150031
pH,11,ExtraTrees,winsorize_1_99,0.9122976433965388,27.141545675255507,15.599210909090923,0.7906180596479254
pH,11,KNN,winsorize_1_99,0.8690701583560261,33.162576606341155,18.811774601408366,0.7781200345082034
pH,11,Ridge,winsorize_1_99,0.7581747835579067,45.06918840729425,25.901472204515553,0.8129310140204504
pH,11,MLP,winsorize_1_99,0.5933909888031779,58.440973873025634,29.840969286284686,0.7931529682382423
pH,12,RandomForest,none,0.6308672548453227,195.13637452840536,66.55937127272732,0.8471392902414226
pH,12,ExtraTrees,none,0.610143513510012,200.53922299956517,65.46162654545464,0.8621430128981851
pH,12,KNN,none,0.537653874512102,218.38889805558264,70.1167947986474,0.8374671114570731
pH,12,Ridge,none,0.5484619337678995,215.8212134595662,79.35348644969436,0.886636197916264
pH,12,MLP,none,0.6427727698825856,191.96374933223316,69.41520656462154,0.5840993028656895
pH,12,RandomForest,winsorize_1_99,0.6577767548855364,187.88914850694258,65.25712145454548,0.8532683502960893
pH,12,ExtraTrees,winsorize_1_99,0.588533772470945,206.02221073750624,67.40333345454556,0.871529469352841
pH,12,KNN,winsorize_1_99,0.5444911360694974,216.76809548135537,70.22091264241415,0.8744112384891757
pH,12,Ridge,winsorize_1_99,0.6030692212590244,202.35052419233793,80.90693640118118,0.866719572314369
pH,12,MLP,winsorize_1_99,0.6938031259540927,177.72450856698256,70.31669067776284,0.5628573124789013
pH,13,RandomForest,none,0.8196941878823765,86.90332816420798,34.50165272727264,0.723690538573386
pH,13,ExtraTrees,none,0.8489051643560991,79.55296233262087,33.319203272727215,0.7839047925926862
pH,13,KNN,none,0.7786419474508853,96.28956141964856,36.39978574991739,0.783658862593995
pH,13,Ridge,none,0.7358354746861852,105.18862878449384,44.0603009501044,0.8207516032360497
pH,13,MLP,none,0.5743037824168203,133.53079713431285,60.283404479814244,0.8321190615742932
pH,13,RandomForest,winsorize_1_99,0.8222831627387465,86.27715857951011,34.046937090909,0.7028542121181605
pH,13,ExtraTrees,winsorize_1_99,0.8506244437251553,79.0990584103872,33.62576072727266,0.773097876726298
pH,13,KNN,winsorize_1_99,0.7442456439556574,103.50064723113434,39.48181509023462,0.7930369103107967
pH,13,Ridge,winsorize_1_99,0.7846050733875081,94.98374323590834,42.82579995053016,0.7746774511757399
pH,13,MLP,winsorize_1_99,0.5645278246631726,135.0553371197325,59.86765178392978,0.8101963927437437
pH,14,RandomForest,none,0.8305275004752072,103.74346137689489,36.58214618181815,0.04682837856192388
pH,14,ExtraTrees,none,0.8203945492735387,106.79990661139126,35.081611636363625,0.3287606442055929
pH,14,KNN,none,0.8100778671932032,109.82441686588813,31.38584917397277,0.5410608346081875
pH,14,Ridge,none,0.9277056534581448,67.75842224421632,39.138827281438424,0.09102903441730315
pH,14,MLP,none,0.09943672344585619,239.14881497596855,79.55161675970487,0.3858643382915174
pH,14,RandomForest,winsorize_1_99,0.8640405859025407,92.92140306435023,34.80156836363635,-0.07610584563557968
pH,14,ExtraTrees,winsorize_1_99,0.8961665338329485,81.20444314430337,30.405593454545425,-0.10336662766903144
pH,14,KNN,winsorize_1_99,0.8772119127353566,88.3058008859236,33.01829325923165,0.5612914954860649
pH,14,Ridge,winsorize_1_99,0.9405133582607346,61.46400317056998,38.97606229388184,0.177872709930552
pH,14,MLP,winsorize_1_99,0.13640399859148333,234.18896542305043,77.15178029822046,0.32204551549844584
pH,15,RandomForest,none,0.768605420068511,132.05957754299305,43.76009963636373,0.6873527800378376
pH,15,ExtraTrees,none,0.7262395891177296,143.64107100786316,46.59423890909098,0.7683372029643659
pH,15,KNN,none,0.620837345611403,169.04646367864964,52.91829926630407,0.7166325964667231
pH,15,Ridge,none,0.6515095830784756,162.06481306765824,53.98342591984041,0.7691028282991843
pH,15,MLP,none,0.6672848206351885,158.35421223082795,56.63558277193709,0.734085432297778
pH,15,RandomForest,winsorize_1_99,0.7860958797460069,126.97051691411554,42.38206400000009,0.6366486418579241
pH,15,ExtraTrees,winsorize_1_99,0.7285358558097581,143.0373811208597,46.67286109090917,0.7694031761573941
pH,15,KNN,winsorize_1_99,0.598793150895535,173.89115087071195,54.044669703558135,0.7248000979409623
pH,15,Ridge,winsorize_1_99,0.7032925690018748,149.5400509450279,51.6099106198256,0.6653181416855194
pH,15,MLP,winsorize_1_99,0.7221178404771861,144.71836431616697,49.621585378638734,0.7088957767345904
pH,16,RandomForest,none,0.8505843066808633,148.299434584345,54.5221858181818,0.6172076796170043
pH,16,ExtraTrees,none,0.8185990782423247,163.40341653931964,58.161578545454645,0.7806832098659887
pH,16,KNN,none,0.7716286912282765,183.34208183617977,61.899973086921385,0.6473203711990362
pH,16,Ridge,none,0.8190874172756996,163.18332382463734,61.086096512797376,0.7720625611152414
pH,16,MLP,none,0.8745094373141475,135.90859453385366,51.151683048645175,0.5720724299090841
pH,16,RandomForest,winsorize_1_99,0.83792687680633,154.4531921979052,60.10516436363641,0.5722539943784621
pH,16,ExtraTrees,winsorize_1_99,0.8457131930807196,150.69740837079658,53.63246218181817,0.6823462776554001
pH,16,KNN,winsorize_1_99,0.7403449201502326,195.4968660591609,65.84774643508332,0.6850169654311603
pH,16,Ridge,winsorize_1_99,0.7895031088263077,176.02089751505633,76.29897904596682,0.6859149233517013
pH,16,MLP,winsorize_1_99,0.8326281133147253,156.95770642842362,59.05641073548007,0.43543172438326944
pH,17,RandomForest,none,0.7981111963591089,73.03446322259553,35.11863127272721,-0.4893234084162302
pH,17,ExtraTrees,none,0.7210869457412473,85.84324874874663,38.75209127272727,0.1783594894538008
pH,17,KNN,none,0.8059395727048723,71.60448344932304,31.87938116872842,0.2790082121022879
pH,17,Ridge,none,0.7789282253214331,76.42551488074517,43.54441016346807,0.27404412550252644
pH,17,MLP,none,0.7624242462251823,79.22692175585581,44.610394106873485,0.5826888224081045
pH,17,RandomForest,winsorize_1_99,0.793395097211798,73.88257716873017,35.41321781818176,-0.5974224980053414
pH,17,ExtraTrees,winsorize_1_99,0.6962911272666198,89.57781490536762,39.10057127272725,-0.2080698823508455
pH,17,KNN,winsorize_1_99,0.8021645423966203,72.29758497562094,32.47910320828294,0.1786474983494421
pH,17,Ridge,winsorize_1_99,0.8438657657496881,64.22746679426731,36.354440989443994,-0.08216274815235965
pH,17,MLP,winsorize_1_99,0.8369506008316131,65.63437073814102,36.329017265572304,0.6093844291933221
pH,18,RandomForest,none,0.6718384027149102,179.7549978750246,65.57293927272727,0.8017750536439572
pH,18,ExtraTrees,none,0.7058511211016123,170.18477098094172,62.28742909090904,0.8555900060450169
pH,18,KNN,none,0.6489482293485646,185.9185312280734,60.28625090901718,0.8285411344446993
pH,18,Ridge,none,0.6451573012530457,186.91968161853572,68.80497194149132,0.8570677802256723
pH,18,MLP,none,0.6566215265451205,183.87539919781523,69.0817598709372,0.5030603580477673
pH,18,RandomForest,winsorize_1_99,0.6379033004962036,188.82060244493871,69.02896181818184,0.8175473364183367
pH,18,ExtraTrees,winsorize_1_99,0.6914297316341511,174.30672170737475,65.83045345454542,0.8801000972549948
pH,18,KNN,winsorize_1_99,0.6416458118704964,187.84227440408793,61.998677166256925,0.7805745917864689
pH,18,Ridge,winsorize_1_99,0.6426786566905456,187.57138051871428,83.37099467436596,0.8818308592211478
pH,18,MLP,winsorize_1_99,0.6653268515992548,181.52963334807896,76.75562735970674,0.4931280900455134
pH,19,RandomForest,none,0.7510801453812124,189.78466478781047,57.792087999999964,0.6809316003729966
pH,19,ExtraTrees,none,0.7682573436333492,183.11939219851394,50.961216363636325,0.8018570972121518
pH,19,KNN,none,0.6822681024726985,214.41825436811982,73.98420169718042,0.741649492477647
pH,19,Ridge,none,0.7257512786909346,199.20656804384032,70.73652659533896,0.8244893716346896
pH,19,MLP,none,0.7606947191397575,186.08333847867686,57.87216503269066,0.6994282644416032
pH,19,RandomForest,winsorize_1_99,0.7999765454352341,170.12643818655744,50.087518181818055,0.7081351126641715
pH,19,ExtraTrees,winsorize_1_99,0.7823482470048652,177.46488519769025,47.43349054545439,0.7833469691697227
pH,19,KNN,winsorize_1_99,0.7044870309786687,206.78528006535325,68.21283448891201,0.7555078194599882
pH,19,Ridge,winsorize_1_99,0.7542499049215351,188.57242891286725,69.62781837848773,0.7882133548103142
pH,19,MLP,winsorize_1_99,0.5601436207307438,252.28230787706744,102.78118711227206,0.6821054519257908
pH,20,RandomForest,none,0.8958962570312258,88.84496696255361,30.67848400000002,0.5572000609971315
pH,20,ExtraTrees,none,0.9529145769246293,59.75068609077775,24.44115454545454,0.7347181637037921
pH,20,KNN,none,0.9176400750008968,79.02374896143634,28.388925051893718,0.675487820078669
pH,20,Ridge,none,0.9638438280528069,52.35894407025081,30.593780453256123,0.721871047658875
pH,20,MLP,none,0.7900744685201502,126.1630816921551,52.14871926418669,0.6512735981487054
pH,20,RandomForest,winsorize_1_99,0.8952412994619595,89.1240080670391,30.698367272727275,0.5554045378692136
pH,20,ExtraTrees,winsorize_1_99,0.9642966998929351,52.03000146934159,22.78116509090909,0.6647796913120244
pH,20,KNN,winsorize_1_99,0.9171671186088945,79.2503232572013,30.791506340949656,0.6718090450306837
pH,20,Ridge,winsorize_1_99,0.9451087965864094,64.51356388650501,31.582138396947784,0.7100731131162983
pH,20,MLP,winsorize_1_99,0.841489736424297,109.62973189285536,48.4297017430233,0.634327871345387
pH,21,RandomForest,none,0.8289953795833522,60.98760564555351,30.74694472727282,0.6567239765447099
pH,21,ExtraTrees,none,0.7625651863898983,71.86374731220216,31.304632727272804,0.7073839958163276
pH,21,KNN,none,0.9062888885327135,45.14744789416629,25.445152310025602,0.7592587986676046
pH,21,Ridge,none,0.8543045417979721,56.293813218453074,35.8587634365367,0.7780369197926468
pH,21,MLP,none,0.8528329176495888,56.57740198708978,32.754816829962095,0.7581033981751683
pH,21,RandomForest,winsorize_1_99,0.8334951874312205,60.17984382038777,30.251642909091,0.6523984372108306
pH,21,ExtraTrees,winsorize_1_99,0.7974953927272298,66.3674475450926,28.873583272727327,0.6655315978103797
pH,21,KNN,winsorize_1_99,0.8584545980447555,55.486271682197426,28.165315299104748,0.7711437479392146
pH,21,Ridge,winsorize_1_99,0.8404371860542481,58.91196439067716,35.19581834403394,0.7344384933450943
pH,21,MLP,winsorize_1_99,0.844353532703526,58.18449843915507,32.56759581337777,0.7359874121687182
pH,22,RandomForest,none,0.8283867231473023,110.5228744456202,39.673785090909085,-0.6841263882787826
pH,22,ExtraTrees,none,0.8379177762723549,107.40992730020285,39.054247272727316,-0.12205662216234225
pH,22,KNN,none,0.7657800051000456,129.11857161680646,51.07588366480909,0.047937903022910254
pH,22,Ridge,none,0.899140386344202,84.72964358009463,46.73130172684775,0.02675041569348169
pH,22,MLP,none,0.6186830188704133,164.74786774686643,68.74815947668814,0.5266827552475444
pH,22,RandomForest,winsorize_1_99,0.8564905162375931,101.06878165732631,38.47943963636362,-1.0435247744786458
pH,22,ExtraTrees,winsorize_1_99,0.891660165355447,87.8154262288787,35.48245090909094,-0.8584070758836703
pH,22,KNN,winsorize_1_99,0.8129666908114147,115.38150736445147,50.62022182050713,0.05781979250871929
pH,22,Ridge,winsorize_1_99,0.9228796419891475,74.0902820196104,45.99188559605626,-0.38312573704483305
pH,22,MLP,winsorize_1_99,0.5080313829316307,187.13086680865823,76.37381534036096,0.5520171676721051
pH,23,RandomForest,none,0.9050934131975563,46.964019726930545,23.757565090909104,0.7056355454738761
pH,23,ExtraTrees,none,0.8466850048747703,59.69107511267378,24.20661272727274,0.7432146409129254
pH,23,KNN,none,0.8754266419325114,53.805871516108226,30.654160055198922,0.7343401054192645
pH,23,Ridge,none,0.8924312260502316,49.99887052321651,34.7363644211572,0.796542108501028
pH,23,MLP,none,0.28511740513245387,128.89451780177797,61.166890767483274,0.6794375440011436
pH,23,RandomForest,winsorize_1_99,0.9046893952046532,47.06387664442251,24.29940763636366,0.7062948183983447
pH,23,ExtraTrees,winsorize_1_99,0.8728571494459199,54.35794832585509,23.03415600000006,0.7373343190828964
pH,23,KNN,winsorize_1_99,0.8917147947856437,50.16509584600644,29.49224445791406,0.7226514953918055
pH,23,Ridge,winsorize_1_99,0.8911339924021274,50.299449578230735,34.111783817927446,0.7880342805482116
pH,23,MLP,winsorize_1_99,0.38360987948750114,119.6864316405417,56.935559735748264,0.6971204483827371
pH,24,RandomForest,none,0.1885844037120864,196.58687143268062,58.44931490909089,0.7888553590593805
pH,24,ExtraTrees,none,0.4945680085964068,155.15443682093047,52.54852836363627,0.8238661105340078
pH,24,KNN,none,0.5771028194430967,141.92216594315053,54.3806418090934,0.7839339990595457
pH,24,Ridge,none,0.5951168942843402,138.8665555777442,58.27007643715685,0.7666283677828518
pH,24,MLP,none,0.6533320623344324,128.4960193841908,65.4516311219986,0.8484884283770462
pH,24,RandomForest,winsorize_1_99,0.1678693817591832,199.08043761751597,58.8494901818182,0.7918836273877053
pH,24,ExtraTrees,winsorize_1_99,0.2810406528388365,185.0482587293885,56.93393709090903,0.7981644024239467
pH,24,KNN,winsorize_1_99,0.585264356115741,140.54600862375767,56.95241593229095,0.7577407574982471
pH,24,Ridge,winsorize_1_99,0.5018066142656242,154.03939857648555,70.13054883464385,0.7964705462306426
pH,24,MLP,winsorize_1_99,0.5404332079862436,147.94733798660613,73.68688140893009,0.8455688094392737
pH,25,RandomForest,none,0.9301039385288502,36.50164924135361,19.45018981818179,0.5731547444396845
pH,25,ExtraTrees,none,0.8727207486009806,49.25665790025703,21.72322000000001,0.7166424624922844
pH,25,KNN,none,0.8253547152022664,57.69850593307778,26.065138757208768,0.7633354207018961
pH,25,Ridge,none,0.8437150108573693,54.581412263858255,32.536706259615144,0.7379205040558349
pH,25,MLP,none,0.8367170645125244,55.79002228618654,28.88036501454304,0.6721649470221566
pH,25,RandomForest,winsorize_1_99,0.9297422432413872,36.59597099840875,19.427943636363604,0.562606159439814
pH,25,ExtraTrees,winsorize_1_99,0.8897491921423563,45.8434216953726,21.212347636363653,0.6885595422601704
pH,25,KNN,winsorize_1_99,0.8000154276558691,61.74252439055496,29.50412039589257,0.8028213775107936
pH,25,Ridge,winsorize_1_99,0.856379651868673,52.3231790184388,31.849374067750276,0.7080267714304103
pH,25,MLP,winsorize_1_99,0.8476668433690945,53.8869193160079,26.357500672529195,0.6396362126348466
pH,26,RandomForest,none,0.8976132425852417,88.91277347935375,34.116785818181796,0.5121952069573128
pH,26,ExtraTrees,none,0.8969279330792506,89.20983898499429,34.41606836363627,0.5205469269180222
pH,26,KNN,none,0.8050387368935991,122.69205140177984,43.600738685435935,0.7415640605828411
pH,26,Ridge,none,0.9142956339507025,81.34741117298346,42.49353672256217,0.7446639344960861
pH,26,MLP,none,0.30839271066836693,231.08515330046967,85.1754785714886,0.5528819185485643
pH,26,RandomForest,winsorize_1_99,0.9201919143811557,78.49928655327295,32.33418509090897,0.4782788820946292
pH,26,ExtraTrees,winsorize_1_99,0.923856568975328,76.67582969051895,32.501557090909024,0.4052951053349309
pH,26,KNN,winsorize_1_99,0.8452809734365034,109.29848070554952,42.519753692811854,0.724552441269312
pH,26,Ridge,winsorize_1_99,0.8965833978476563,89.35881383007914,48.1756205726071,0.6476834847741183
pH,26,MLP,winsorize_1_99,0.2628258219223374,238.57631159249868,87.47756113227115,0.6001576196420586
pH,27,RandomForest,none,0.8824530004245156,112.57521927266691,43.33797163636356,0.8055688272259399
pH,27,ExtraTrees,none,0.938414969851943,81.48442526527054,33.60773163636348,0.8050688889585762
pH,27,KNN,none,0.8755309434621904,115.84244794715318,42.02216098525691,0.7701392377122847
pH,27,Ridge,none,0.8957675034246307,106.00798940244279,42.9386796970892,0.8542512255940542
pH,27,MLP,none,0.8016531536919876,146.2344436985819,57.576559669668804,0.6815146972366544
pH,27,RandomForest,winsorize_1_99,0.8843729753357905,111.65205034141718,43.05731527272721,0.8067359425843161
pH,27,ExtraTrees,winsorize_1_99,0.9425114000366599,78.7277597779144,31.649522545454406,0.8216815794232252
pH,27,KNN,winsorize_1_99,0.8939464495076419,106.93001648288455,40.09248388964338,0.782763380252211
pH,27,Ridge,winsorize_1_99,0.8859109828712178,110.90699717584793,51.80512538131689,0.8446229938241856
pH,27,MLP,winsorize_1_99,0.7038657473513713,178.68222393097489,67.18435494053806,0.6835930695684248
pH,28,RandomForest,none,0.6934426338500911,171.6487017591388,63.610897090909006,0.8799613679922235
pH,28,ExtraTrees,none,0.7206986740867163,163.84045437319497,61.6275541818181,0.8420599647753276
pH,28,KNN,none,0.6629859718190927,179.9735297411509,67.48038670563639,0.8424863852711061
pH,28,Ridge,none,0.6669697312575026,178.9066562749517,66.45670908569306,0.8825209236679064
pH,28,MLP,none,0.6746088327015001,176.84285796928543,65.87075130037209,0.8369395342252473
pH,28,RandomForest,winsorize_1_99,0.6828793238525042,174.58097893434189,64.12575090909081,0.8868566085177443
pH,28,ExtraTrees,winsorize_1_99,0.7360098354204476,159.28633449960117,60.01472327272722,0.8489142012721815
pH,28,KNN,winsorize_1_99,0.6335183364140367,187.67687788951605,67.82699112971389,0.8298603993739876
pH,28,Ridge,winsorize_1_99,0.6779462833542083,175.93360539157706,72.62874445090819,0.8673986675531336
pH,28,MLP,winsorize_1_99,0.7009685337351738,169.52864474932284,64.69168755820897,0.8133893801172268
pH,29,RandomForest,none,0.9257550327110916,50.35072173918796,24.207706181818246,0.7314059372108382
pH,29,ExtraTrees,none,0.9289970764517078,49.239122613594475,21.33203163636339,0.768403094207497
pH,29,KNN,none,0.9125991928347578,54.629837895221115,28.160950620709176,0.8222247639538642
pH,29,Ridge,none,0.9260659768548414,50.245174592481916,31.612898135554687,0.8324928284354527
pH,29,MLP,none,0.9308902766725536,48.57823900270188,27.929073405004505,0.5496118691474015
pH,29,RandomForest,winsorize_1_99,0.9334487809893264,47.67055382610944,23.78836181818189,0.7400474618366993
pH,29,ExtraTrees,winsorize_1_99,0.9394788351479635,45.459622945417415,20.551808727272643,0.7439171053514839
pH,29,KNN,winsorize_1_99,0.8530220499812504,70.843218407629,31.42214481384059,0.7950618892201669
pH,29,Ridge,winsorize_1_99,0.8526328547129586,70.93695225364374,41.656091963537115,0.8280902995100398
pH,29,MLP,winsorize_1_99,0.8788950221244792,64.30625042345844,35.33831360099145,0.7372628424278881
Al,0,RandomForest,none,0.6844870790487753,90.35381528322849,31.75632363636364,0.6387235626663154
Al,0,ExtraTrees,none,0.7716930282545984,76.85949170124842,33.529491272727164,0.6828881490598244
Al,0,KNN,none,0.9325432807893844,41.778277362229545,20.199284616498954,0.7673406567672891
Al,0,Ridge,none,0.8931457424098956,52.581604810421474,35.15427654925476,0.770269362935839
Al,0,MLP,none,0.8394041098108419,64.4622016996448,38.37520399672765,0.6068339597593048
Al,0,RandomForest,winsorize_1_99,0.6519033722705636,94.9047237075056,32.08045309090911,0.6400686596242041
Al,0,ExtraTrees,winsorize_1_99,0.786994574796104,74.2391949371641,32.06206145454536,0.5855015402771585
Al,0,KNN,winsorize_1_99,0.9511666062154972,35.54646149525233,18.13879713622881,0.767976508944993
Al,0,Ridge,winsorize_1_99,0.7984930212693604,72.20760940682322,43.76565207500578,0.696293970787125
Al,0,MLP,winsorize_1_99,0.7591552685061802,78.9417039630924,39.48997679524865,0.523102888918714
Al,1,RandomForest,none,0.63331348189312,161.76177032798475,53.90238654545453,0.8847102345710878
Al,1,ExtraTrees,none,0.6645097982960908,154.72779633054031,51.981931999999944,0.8940683604810985
Al,1,KNN,none,0.5390605238385986,181.36370192494445,64.71458222073612,0.868873326259231
Al,1,Ridge,none,0.6076863364844556,167.31895245637833,58.65051712147606,0.8752456884715831
Al,1,MLP,none,0.6362179475850027,161.11985201750267,57.84963977000621,0.8698311611123009
Al,1,RandomForest,winsorize_1_99,0.6164630687749231,165.436759376107,53.885358181818106,0.8990605567664863
Al,1,ExtraTrees,winsorize_1_99,0.6780693490793233,151.56872025887347,50.013470545454474,0.9163425239666617
Al,1,KNN,winsorize_1_99,0.5167794577985076,185.69538649329638,67.70877613712034,0.8875877889205407
Al,1,Ridge,winsorize_1_99,0.5992002383114128,169.11890078662924,68.98967718293781,0.8897352982357951
Al,1,MLP,winsorize_1_99,0.628527776675089,162.81394238660042,62.866672394231905,0.8804731236007026
Al,2,RandomForest,none,0.821182966608298,61.783129821775375,30.85156909090914,0.7991504383697463
Al,2,ExtraTrees,none,0.7241449949305616,76.73719078287857,35.18923200000003,0.8140075073818382
Al,2,KNN,none,0.8544836450188457,55.73414794819903,28.931130843326624,0.8289434298200555
Al,2,Ridge,none,0.820343887401032,61.92791543420778,39.56352311181055,0.8359887785637417
Al,2,MLP,none,0.7004322148592532,79.96740747942155,42.81568485198734,0.766295522177383
Al,2,RandomForest,winsorize_1_99,0.8150147746919101,62.83968274029376,31.238794181818225,0.8015236992549497
Al,2,ExtraTrees,winsorize_1_99,0.7152177765299943,77.96898858106118,35.36919818181819,0.80571244637871
Al,2,KNN,winsorize_1_99,0.9032510548133004,45.4452588764726,25.35355981000271,0.8422505907943488
Al,2,Ridge,winsorize_1_99,0.8451900069424886,57.48637954085508,37.732221567696364,0.8255154518845572
Al,2,MLP,winsorize_1_99,0.8845857116206716,49.6358257624502,29.420915717648636,0.7776111353631884
Al,3,RandomForest,none,0.8931933595708708,55.063382121527155,26.114165090909115,0.7951134348955122
Al,3,ExtraTrees,none,0.9344690941635757,43.130733256032606,21.817121818181814,0.8473426313364886
Al,3,KNN,none,0.9088829827447799,50.858494854719545,26.43139212783057,0.8190675523652347
Al,3,Ridge,none,0.8612934608582438,62.74978235518736,33.95393369881103,0.8445356873329828
Al,3,MLP,none,0.15130550177064095,155.21705864716745,64.57873525061957,0.7031152943686024
Al,3,RandomForest,winsorize_1_99,0.8930534440836,55.09943652062845,26.166278909090938,0.8057153897579117
Al,3,ExtraTrees,winsorize_1_99,0.930003153003861,44.57619501829875,21.83847709090911,0.8686503872217113
Al,3,KNN,winsorize_1_99,0.8852067210986965,57.08499750926231,28.585537455112703,0.822889649277889
Al,3,Ridge,winsorize_1_99,0.8822975815737154,57.80380790423956,33.760639829166955,0.8496002131787798
Al,3,MLP,winsorize_1_99,0.6632521800768327,97.77237218991537,48.74317987687342,0.7013409029729021
Al,4,RandomForest,none,0.8296769036279742,151.65788290334754,52.02011927272726,0.423786252570698
Al,4,ExtraTrees,none,0.8993047115160955,116.60919371058557,44.96679454545434,0.4225499191167829
Al,4,KNN,none,0.8052209048098763,162.18078166172202,48.704236410106,0.5661352556193798
Al,4,Ridge,none,0.905332429076421,113.06516843985408,53.26113537356013,0.3675121032439491
Al,4,MLP,none,0.8963968888552949,118.28089875241413,52.891633954417756,-0.11688622656958529
Al,4,RandomForest,winsorize_1_99,0.7997624351419301,164.43754896499664,55.630272727272754,0.3885719323175122
Al,4,ExtraTrees,winsorize_1_99,0.8773014352310217,128.72057128758883,44.3804596363634,0.3724111733817379
Al,4,KNN,winsorize_1_99,0.7715722197805773,175.63160776069608,55.615546266344154,0.6063034715104052
Al,4,Ridge,winsorize_1_99,0.8406182563907167,146.70587433587642,67.16235082034656,0.47896684924084776
Al,4,MLP,winsorize_1_99,0.6418440386353871,219.91978858037862,76.03381877077139,0.3505027069842839
Al,5,RandomForest,none,0.7574340953884418,137.09352483660354,46.48296545454555,0.7553598222020291
Al,5,ExtraTrees,none,0.7566925455929642,137.30291967377957,45.82772000000008,0.7652582573753908
Al,5,KNN,none,0.6463129926043938,165.54330372242518,51.78123825649156,0.8077080126625091
Al,5,Ridge,none,0.6972762770554931,153.1529239993759,53.27489763590711,0.8141296508627102
Al,5,MLP,none,0.5940681730275985,177.3489479695806,63.37550502737823,0.5482916790185215
Al,5,RandomForest,winsorize_1_99,0.7690924387278805,133.758423713246,46.468192727272815,0.7380225722733468
Al,5,ExtraTrees,winsorize_1_99,0.7633343110666106,135.4159169352136,44.76769745454553,0.7534261550677304
Al,5,KNN,winsorize_1_99,0.6263075569384721,170.16068399669095,52.38331268055712,0.8053244388898262
Al,5,Ridge,winsorize_1_99,0.7187770915412686,147.6139537258352,59.57266208137973,0.753726261343792
Al,5,MLP,winsorize_1_99,0.5722109789214236,182.06098252217453,67.83897573087752,0.5262021419377826
Al,6,RandomForest,none,0.8890579297133481,95.84182467344996,34.93497927272724,0.4344622713108969
Al,6,ExtraTrees,none,0.8352723914959501,116.78582609895186,43.86683163636351,0.6326528239694931
Al,6,KNN,none,0.8640111591525687,106.11055262759155,36.38967343630517,0.6133610228702413
Al,6,Ridge,none,0.955967876721138,60.379811723345604,34.12079777079828,0.6569960711442635
Al,6,MLP,none,0.7953899013246253,130.15788196981111,53.62238396626525,0.3155361606044934
Al,6,RandomForest,winsorize_1_99,0.8956363424036318,92.95689014106654,35.163217818181764,0.38484856803762674
Al,6,ExtraTrees,winsorize_1_99,0.8697705206473922,103.83926192070544,42.161014181818,0.4841930411753901
Al,6,KNN,winsorize_1_99,0.8990207954095448,91.43719885248356,35.31663745500476,0.6139288051089091
Al,6,Ridge,winsorize_1_99,0.9472963138451953,66.05830654984551,38.84048366844232,0.5675115599436665
Al,6,MLP,winsorize_1_99,0.7530099384924528,143.0035041564268,56.89658463203738,0.25205332019648047
Al,7,RandomForest,none,0.8702397937671749,65.0499959452114,29.594523999999993,0.8425518378013308
Al,7,ExtraTrees,none,0.91489312865342,52.681583808274056,24.91995018181809,0.8148560015149171
Al,7,KNN,none,0.8739586256558123,64.11107739065221,32.24999693245625,0.7923703984777571
Al,7,Ridge,none,0.9172793799119299,51.93778221027851,30.894206365302608,0.7752973510593062
Al,7,MLP,none,0.39785090186569116,140.1291637866961,61.79790605823846,0.5362601472353016
Al,7,RandomForest,winsorize_1_99,0.8826185758736805,61.86944175351113,28.791186181818173,0.8454249607909319
Al,7,ExtraTrees,winsorize_1_99,0.911002022108032,53.87243178218661,26.55923454545444,0.8373458940271439
Al,7,KNN,winsorize_1_99,0.8630367338309937,66.83109275359695,32.06560983040105,0.8024298175763915
Al,7,Ridge,winsorize_1_99,0.9151592839604423,52.59914356322638,34.72797753933628,0.7914849742032236
Al,7,MLP,winsorize_1_99,0.3601509852646586,144.44924061136206,65.04822190320637,0.5470296664285869
Al,8,RandomForest,none,0.8421959884513618,121.79072243025759,43.49036690909089,0.7863465977337395
Al,8,ExtraTrees,none,0.932052399943649,79.91756591043502,34.88008690909071,0.7731898714034853
Al,8,KNN,none,0.9106437538423924,91.64687163147966,41.00713867502644,0.766817248283561
Al,8,Ridge,none,0.969676139899977,53.38846435320384,30.33781039875538,0.7741616573727901
Al,8,MLP,none,0.4891412796180752,219.1318940693982,88.95370300120156,0.52810793569104
Al,8,RandomForest,winsorize_1_99,0.8326425800369347,125.42314107810515,44.65314872727272,0.7771130521672058
Al,8,ExtraTrees,winsorize_1_99,0.9219259400764847,85.6660157671102,36.74532509090898,0.812096436002844
Al,8,KNN,winsorize_1_99,0.8727771308398539,109.35478216494923,47.032773449097,0.7323990567829025
Al,8,Ridge,winsorize_1_99,0.9455489745473179,71.54152912480798,33.98968585490863,0.7354883322878895
Al,8,MLP,winsorize_1_99,0.5720514928794895,200.56305897086793,82.85272182796416,0.6247281915909821
Al,9,RandomForest,none,0.7299853346327567,186.859392606366,59.52061200000005,0.8724174734070308
Al,9,ExtraTrees,none,0.7484515184637355,180.3566277819287,56.21548581818179,0.845306225460002
Al,9,KNN,none,0.686763768066931,201.25989971582536,65.01205128905312,0.8505263809954473
Al,9,Ridge,none,0.7570827402756724,177.2353891347779,59.08125643868678,0.883439462319606
Al,9,MLP,none,0.7408177451924544,183.07282717029454,65.51645539981394,0.831330676782019
Al,9,RandomForest,winsorize_1_99,0.7877580385653227,165.66733335068378,54.89622436363641,0.8540661490136117
Al,9,ExtraTrees,winsorize_1_99,0.7992177949397646,161.1327674691186,50.57582654545449,0.829646117749441
Al,9,KNN,winsorize_1_99,0.7128550623028029,192.6956179369399,63.132467451594934,0.8614555449531889
Al,9,Ridge,winsorize_1_99,0.7825336531756804,167.69390804084625,60.12534735099331,0.8531336913033666
Al,9,MLP,winsorize_1_99,0.7902584270002957,164.68859209847858,61.43390629713504,0.7953544527372591
Al,10,RandomForest,none,0.8446024107971865,113.8240737704049,49.42088254545467,0.7256938500584637
Al,10,ExtraTrees,none,0.9283476594184323,77.29068872693082,39.04192581818173,0.7095677199081806
Al,10,KNN,none,0.9461837738112349,66.98361877320573,32.84711175232953,0.7732338875369515
Al,10,Ridge,none,0.9393057407333554,71.13540267186859,38.95510988802521,0.7490184214908717
Al,10,MLP,none,0.8044967904128171,127.67002172845012,66.40963990459261,0.18671154083645114
Al,10,RandomForest,winsorize_1_99,0.8628830340110076,106.91966367357566,47.57648909090919,0.7230230230109743
Al,10,ExtraTrees,winsorize_1_99,0.9247307610233401,79.2174300443042,37.29879309090922,0.70933132526799
Al,10,KNN,winsorize_1_99,0.9333979729609693,74.51705968773808,38.059105172793416,0.7317030703958828
Al,10,Ridge,winsorize_1_99,0.9199278932923572,81.70574870667348,48.47771134865784,0.7777633953351711
Al,10,MLP,winsorize_1_99,0.7351557718647226,148.59604236372908,72.81430516416141,0.6049759077553267
Al,11,RandomForest,none,0.7983381551631162,112.87823112401318,36.22632690909086,0.28520097029592917
Al,11,ExtraTrees,none,0.8020334668583851,111.83924227228032,37.6822905454545,0.4830598648786385
Al,11,KNN,none,0.6814378659262086,141.8715792784525,48.36576189076322,0.6315183384426494
Al,11,Ridge,none,0.8879325360662793,84.14689576683746,42.5151442287832,0.5700367489582879
Al,11,MLP,none,0.6829234164174396,141.54039792875062,57.68372744238089,0.5939808169177763
Al,11,RandomForest,winsorize_1_99,0.8465357295443723,98.46955307014579,33.708333090909036,0.15956193058075105
Al,11,ExtraTrees,winsorize_1_99,0.8965406241740531,80.85060129810573,32.77087309090905,0.25699722999798513
Al,11,KNN,winsorize_1_99,0.783560916273187,116.94082961816856,44.59451377971409,0.6686862260523753
Al,11,Ridge,winsorize_1_99,0.9258861005151074,68.43025514245905,39.18691238003161,0.371919588359524
Al,11,MLP,winsorize_1_99,0.5633105288220346,166.1057581092141,61.005759405483744,0.5386446858810789
Al,12,RandomForest,none,0.903150730303612,57.468815129002785,21.71216072727275,0.751585752541647
Al,12,ExtraTrees,none,0.9255665314968172,50.38116392365544,21.281045090909018,0.7825780605756617
Al,12,KNN,none,0.9230730244114945,51.21809214891763,23.744473936021702,0.7702963938630454
Al,12,Ridge,none,0.8063887077860707,81.25487186391183,38.834905869093944,0.7856525139520619
Al,12,MLP,none,0.7742415932436411,87.74169779832823,45.949792292473575,0.8303747311888637
Al,12,RandomForest,winsorize_1_99,0.9031073932031911,57.48167146376477,22.004633090909117,0.7335968683932462
Al,12,ExtraTrees,winsorize_1_99,0.9149988415490993,53.838938702766846,21.56468836363631,0.7863353506746712
Al,12,KNN,winsorize_1_99,0.8952759995974582,59.75953091869584,28.048349639176127,0.7915131312888021
Al,12,Ridge,winsorize_1_99,0.7677815699796495,88.98819755390376,46.00040349241862,0.8029526105401642
Al,12,MLP,winsorize_1_99,0.7938136735594707,83.85211060064837,40.684191675732926,0.743639427173632
Al,13,RandomForest,none,0.8660656928650468,98.0089628133007,35.040033090909205,0.6100583437589184
Al,13,ExtraTrees,none,0.85830365053928,100.80897672506087,35.931467272727375,0.6724891376038908
Al,13,KNN,none,0.8375203446723118,107.94918557868459,36.54977626550974,0.714468718086942
Al,13,Ridge,none,0.9493194499851995,60.28934079712171,34.07666758772548,0.6940157159111491
Al,13,MLP,none,0.4604717866453204,196.71023426924052,63.383092625318874,0.6872643608213674
Al,13,RandomForest,winsorize_1_99,0.8630892604607152,99.09200907950395,35.466982909091044,0.5796683531681915
Al,13,ExtraTrees,winsorize_1_99,0.894964778249412,86.79353038064677,33.63861709090917,0.6224300768424225
Al,13,KNN,winsorize_1_99,0.8831302871432016,91.552638317226,34.46912493212541,0.7060651067508099
Al,13,Ridge,winsorize_1_99,0.9545665563475478,57.08312013579389,35.58199584147188,0.6892629977685217
Al,13,MLP,winsorize_1_99,0.40436695903611664,206.6851460424522,65.9109138719949,0.7496665502011026
Al,14,RandomForest,none,0.8579427114716914,98.52163829013537,34.350962181818275,0.561382974211927
Al,14,ExtraTrees,none,0.8398637553808441,104.6031310472991,36.58205781818187,0.7234477976412954
Al,14,KNN,none,0.8846611319708897,88.77439206821332,31.54642478152235,0.7684902326433
Al,14,Ridge,none,0.935306482894391,66.48600619966359,36.886268821223965,0.5936138544089138
Al,14,MLP,none,0.9405912691932303,63.7125520908049,29.565430624162726,0.5600724103372114
Al,14,RandomForest,winsorize_1_99,0.8854409654427828,88.47377069192139,32.566377454545524,0.5689192339666334
Al,14,ExtraTrees,winsorize_1_99,0.9051944562879821,80.48533038669277,32.76920363636369,0.6794366812181153
Al,14,KNN,winsorize_1_99,0.8898158300989175,86.76797592451722,34.20589671456996,0.7842794319913622
Al,14,Ridge,winsorize_1_99,0.9431521393914674,62.32423079338913,38.94530627830038,0.6699075481830034
Al,14,MLP,winsorize_1_99,0.9429287868933914,62.44654521528958,33.67256214912043,0.7068509038199835
Al,15,RandomForest,none,0.8896061211807973,100.3846587428633,39.99287672727267,0.7650626903718284
Al,15,ExtraTrees,none,0.9154067098251635,87.87448823753289,36.14930436363624,0.7459010996142696
Al,15,KNN,none,0.9041532978441104,93.53700020191293,38.197719821509494,0.7383654875293709
Al,15,Ridge,none,0.9118288982040281,89.71353804161926,49.13615927093529,0.7541551194046329
Al,15,MLP,none,0.8294155088331722,124.78564340200244,59.04693341440304,0.6769444358334922
Al,15,RandomForest,winsorize_1_99,0.8978672034148638,96.5555989845123,37.626853090909,0.7915527122830404
Al,15,ExtraTrees,winsorize_1_99,0.9144410082707295,88.37464442152249,35.68527563636359,0.7420825475605939
Al,15,KNN,winsorize_1_99,0.9073781084195708,91.94998728203007,39.249017703282725,0.7478482831358848
Al,15,Ridge,winsorize_1_99,0.9283995600205169,80.84491261202794,43.796131338835025,0.7570842839683001
Al,15,MLP,winsorize_1_99,0.8636026143636981,111.58295886784146,57.626273166089796,0.7123187058317628
Al,16,RandomForest,none,0.6671693374308738,160.62448324980892,47.78499490909079,0.7582905436844818
Al,16,ExtraTrees,none,0.7955930808685814,125.87743216981202,40.85121381818174,0.8325955922645927
Al,16,KNN,none,0.7572805670422096,137.16785684772876,46.28546436858671,0.811525142925202
Al,16,Ridge,none,0.7783949071756824,131.0659703556811,59.000002077877085,0.8312890720697137
Al,16,MLP,none,0.8459823182687854,109.26608177439105,48.933684098058464,0.5380378826091006
Al,16,RandomForest,winsorize_1_99,0.6494533388214895,164.8439437915983,48.2401047272726,0.7541499783151793
Al,16,ExtraTrees,winsorize_1_99,0.7293192513851676,144.853423268198,43.10119018181801,0.8027316489240839
Al,16,KNN,winsorize_1_99,0.8047119884666344,123.03760546954895,45.552833807941866,0.7850733426768615
Al,16,Ridge,winsorize_1_99,0.7716746479885688,133.0384408959424,59.00205601624754,0.8203062769669467
Al,16,MLP,winsorize_1_99,0.8521090867018641,107.07074491861779,48.199179145640166,0.7072225261708421
Al,17,RandomForest,none,0.7220483574496291,138.61491521892486,38.84823781818191,0.8208169949657391
Al,17,ExtraTrees,none,0.7238992983615617,138.1526107348909,37.31382618181825,0.8469909068979018
Al,17,KNN,none,0.6816257607279317,148.35230599044255,40.068518994606706,0.8249903764298592
Al,17,Ridge,none,0.6971274513551062,144.69559077354566,39.00389943934275,0.8409817808235719
Al,17,MLP,none,0.7142450719420526,140.54720250130399,39.36489372272878,0.5591762609951552
Al,17,RandomForest,winsorize_1_99,0.7377191961914273,134.65069341081332,38.596618909090985,0.8254474472159327
Al,17,ExtraTrees,winsorize_1_99,0.7284950566346617,136.99799522624897,35.85019781818188,0.8447061905471495
Al,17,KNN,winsorize_1_99,0.657541677620145,153.86123131656413,41.48257056306108,0.8325249669276517
Al,17,Ridge,winsorize_1_99,0.6978402915794737,144.52521283776036,49.25958104321053,0.8236136955187714
Al,17,MLP,winsorize_1_99,0.7196945929565279,139.2005909221094,42.88178352622692,0.6474321748775349
Al,18,RandomForest,none,0.8380527495894754,64.42677335792943,26.56200545454539,0.7248682941941638
Al,18,ExtraTrees,none,0.7664374855099652,77.37152609495038,30.384134181818045,0.7960894365823601
Al,18,KNN,none,0.9150375648829504,46.66519313956702,24.291916696472644,0.7925357251028216
Al,18,Ridge,none,0.939178378026534,39.48285880890425,25.226227414407706,0.7838421274818745
Al,18,MLP,none,0.49048442854043794,114.2768662810599,57.58580003746944,0.5810546574930918
Al,18,RandomForest,winsorize_1_99,0.8537361004597135,61.22773107025395,25.962079999999933,0.7201964726751126
Al,18,ExtraTrees,winsorize_1_99,0.7517382530048778,79.76906390023073,32.196286545454385,0.8030921805697044
Al,18,KNN,winsorize_1_99,0.8484048483766768,62.33360547080798,30.51846388138987,0.7904197502032001
Al,18,Ridge,winsorize_1_99,0.9119004151403035,47.518915781572716,32.33212387478028,0.7897936187673416
Al,18,MLP,winsorize_1_99,0.432957959706177,120.55555347950968,61.32923474507824,0.5767391892936374
Al,19,RandomForest,none,0.8415631246205597,116.28514557484121,38.76160909090907,0.7534108338679957
Al,19,ExtraTrees,none,0.8618050427850141,108.60309556947308,37.23349454545456,0.7827948526468221
Al,19,KNN,none,0.744355456882341,147.71152092354566,45.84313644485975,0.7862548221422307
Al,19,Ridge,none,0.8563220180732332,110.73660793396577,46.45557774010659,0.7470416954002466
Al,19,MLP,none,0.8325185539032198,119.5582246625437,52.875634590635514,0.5789173842116108
Al,19,RandomForest,winsorize_1_99,0.8694893521624442,105.54048344328605,36.88043745454545,0.7485145785442692
Al,19,ExtraTrees,winsorize_1_99,0.9113612556864489,86.97769695773792,34.013012000000025,0.7550605398799317
Al,19,KNN,winsorize_1_99,0.8265240000482457,121.67904885009077,41.18829376060042,0.7865295895640572
Al,19,Ridge,winsorize_1_99,0.895915806534051,94.25154914034027,41.02443155581425,0.7237682471550201
Al,19,MLP,winsorize_1_99,0.8742259098470143,103.60762026628329,44.37583420168537,0.5689986453545747
Al,20,RandomForest,none,0.7104281302958837,103.55063410366638,43.29067163636369,0.6651848988446869
Al,20,ExtraTrees,none,0.8138363930173225,83.0275016697518,36.70258109090915,0.7557062801370691
Al,20,KNN,none,0.9193274087326346,54.65596682569277,26.276390293287687,0.7583318827600364
Al,20,Ridge,none,0.8134001830835058,83.12471785144551,41.25331854531709,0.7527982386017117
Al,20,MLP,none,0.8197224342276046,81.70439531934146,41.12863210774001,0.8206120860775826
Al,20,RandomForest,winsorize_1_99,0.6981522144426988,105.72278003137218,44.202208000000056,0.650407535054575
Al,20,ExtraTrees,winsorize_1_99,0.7994135831337588,86.18374022743428,37.85350981818183,0.7085890483389464
Al,20,KNN,winsorize_1_99,0.9164096340255141,55.63558908978513,25.11669051173911,0.7540878657771731
Al,20,Ridge,winsorize_1_99,0.7820574139421186,89.83501144372036,47.05464364064151,0.6980391492750015
Al,20,MLP,winsorize_1_99,0.7810163468134841,90.04931755635164,45.56292194290349,0.7907338736524799
Al,21,RandomForest,none,0.8781098468458395,56.757673025122,27.761342545454532,0.7824611155727356
Al,21,ExtraTrees,none,0.8336815134407566,66.29954265811496,30.873238181818177,0.8174526860066041
Al,21,KNN,none,0.8961653080003272,52.38555023389869,27.161737449531223,0.781628361869078
Al,21,Ridge,none,0.8660719748054675,59.49438820663832,35.88429209801892,0.7920983607983072
Al,21,MLP,none,0.8127221019555823,70.35314776383085,39.73239574760436,0.4227386671642533
Al,21,RandomForest,winsorize_1_99,0.8762910701743862,57.1795581902312,27.85814399999999,0.7917719488170933
Al,21,ExtraTrees,winsorize_1_99,0.8509792658304407,62.757208820452085,29.42368981818177,0.8092976608662896
Al,21,KNN,winsorize_1_99,0.859873375801711,60.85560721432093,29.46962582217299,0.7876476263767686
Al,21,Ridge,winsorize_1_99,0.8838576135608713,55.403301230404224,33.15325411141036,0.7370166296662347
Al,21,MLP,winsorize_1_99,0.8837143623484135,55.437458201682446,29.88295720851205,0.5631325612218955
Al,22,RandomForest,none,0.6851156492785555,194.897861605639,60.147088000000025,0.879805646584785
Al,22,ExtraTrees,none,0.7320579336214171,179.78439236495592,59.62228290909099,0.9125487301512181
Al,22,KNN,none,0.6717266894252447,198.99828009704177,61.42877406746151,0.8759983793665201
Al,22,Ridge,none,0.7612826177561925,169.69676259870457,60.69122554704246,0.9033259370872064
Al,22,MLP,none,0.7627475686186189,169.1752672917475,59.055074619664545,0.8505038255031785
Al,22,RandomForest,winsorize_1_99,0.7381223483251212,177.7381904639959,55.51113599999999,0.8713295640259737
Al,22,ExtraTrees,winsorize_1_99,0.7735987647214644,165.2612112365306,55.55151381818189,0.9030192855448499
Al,22,KNN,winsorize_1_99,0.7092538019563365,187.27877398761376,58.8882599955499,0.8671657596707337
Al,22,Ridge,winsorize_1_99,0.7766474249757861,164.14475774767885,61.66565894346772,0.8635616961604533
Al,22,MLP,winsorize_1_99,0.805296269348511,153.25641840869278,52.539929461764395,0.7900760869811294
Al,23,RandomForest,none,0.8098419491366339,126.48897758829128,45.242994545454614,0.34893750968865955
Al,23,ExtraTrees,none,0.9404803240355003,70.76615554315342,28.951318181817946,0.5667471869334646
Al,23,KNN,none,0.9185004744882572,82.80810833246474,27.740172082796363,0.6012729442647593
Al,23,Ridge,none,0.9609648509716727,57.30905463914766,32.93941608894393,0.5885866681163082
Al,23,MLP,none,0.9650028277676453,54.26399961806627,27.76328497018043,0.7769354037475622
Al,23,RandomForest,winsorize_1_99,0.766867347956768,140.0544381547984,48.38528545454549,0.3253161940136843
Al,23,ExtraTrees,winsorize_1_99,0.9211298410010227,81.4613647628062,32.86819490909079,0.4585563966461684
Al,23,KNN,winsorize_1_99,0.923102675579544,80.43608755275267,25.447802608958206,0.6767421378702665
Al,23,Ridge,winsorize_1_99,0.9235215826797134,80.21669589279708,40.792054094598534,0.5448113707892185
Al,23,MLP,winsorize_1_99,0.94959479015884,65.1227958099995,31.27909518467618,0.8083162070434708
Al,24,RandomForest,none,0.8860750752345121,123.36344478734405,49.14121745454548,0.3432424062636385
Al,24,ExtraTrees,none,0.9301602786877685,96.58915388467535,41.30703672727274,0.5658755853973474
Al,24,KNN,none,0.858769877796191,137.3538320297259,50.39171380458756,0.6007074594833487
Al,24,Ridge,none,0.9634830543523133,69.84323316176372,39.383033318142154,0.5015912290000943
Al,24,MLP,none,0.5728690414110339,238.86781559629136,94.18280070651889,0.5918838510347549
Al,24,RandomForest,winsorize_1_99,0.86809662572995,132.74099405511654,51.18713018181824,0.28563378437395126
Al,24,ExtraTrees,winsorize_1_99,0.8905280280483804,120.92847704216646,47.46750872727271,0.4606944939242502
Al,24,KNN,winsorize_1_99,0.7995288567372124,163.64511528778004,60.36946286000214,0.6979563941704349
Al,24,Ridge,winsorize_1_99,0.897417801464142,117.0612383746689,59.00926073559957,0.47692847478424333
Al,24,MLP,winsorize_1_99,0.431506068538546,275.57513533664377,107.67388555575009,0.6919601803922919
Al,25,RandomForest,none,0.898799293396754,93.3608973474843,32.27727745454542,0.6796837114712743
Al,25,ExtraTrees,none,0.9422417792647609,70.53101731077788,26.70902181818172,0.7420307473318413
Al,25,KNN,none,0.8873612715391661,98.49566450166141,34.8723509976797,0.7319324891952854
Al,25,Ridge,none,0.8817981243905145,100.89866703906006,39.34749408415138,0.7819294312908815
Al,25,MLP,none,0.8510600764398887,113.26058702000184,54.47088437295702,0.7366125661612817
Al,25,RandomForest,winsorize_1_99,0.924198036646125,80.80039281811062,27.991440727272654,0.6741120012094729
Al,25,ExtraTrees,winsorize_1_99,0.9433027947716804,69.88018897860294,24.656727272727263,0.706382822872101
Al,25,KNN,winsorize_1_99,0.9073877092293952,89.31153593661811,32.29960519742368,0.6981482726631871
Al,25,Ridge,winsorize_1_99,0.8981629040062931,93.65398212266874,39.8042503379445,0.7777862859128442
Al,25,MLP,winsorize_1_99,0.7906233145075954,134.2880616483412,58.989500313938514,0.7348305861617022
Al,26,RandomForest,none,-0.6481872485427056,179.71490328839457,45.51474945454538,0.8659417066036406
Al,26,ExtraTrees,none,0.13393240192627642,130.27368978440776,35.79889818181815,0.8887170136543624
Al,26,KNN,none,0.22170178555867648,123.49626857719257,40.48287849924583,0.8240889453983961
Al,26,Ridge,none,0.3416353396588543,113.58319320480291,39.95978994666428,0.7986288793700769
Al,26,MLP,none,0.6212961796460037,86.14511631744091,43.30916536958401,0.6231842819551764
Al,26,RandomForest,winsorize_1_99,-0.7559921339363955,185.49922591879883,46.28282836363629,0.8674972092119301
Al,26,ExtraTrees,winsorize_1_99,-0.2504888776715022,156.5383440314524,40.981351272727196,0.8862163863892754
Al,26,KNN,winsorize_1_99,0.30894940322422304,116.36858186136763,37.71268848634216,0.8298925900385983
Al,26,Ridge,winsorize_1_99,0.07446022134790431,134.67232660730198,53.28664770728426,0.7989310993831888
Al,26,MLP,winsorize_1_99,0.5888472927897686,89.75990736181372,40.18766739721747,0.6035115342542529
Al,27,RandomForest,none,0.8432644060194677,143.77479169160253,52.73693163636375,0.7419934264649019
Al,27,ExtraTrees,none,0.9271390196508267,98.02716328941426,39.71103745454543,0.7711508644218195
Al,27,KNN,none,0.8528219404065296,139.32224579754228,54.74436216758875,0.7513753771065173
Al,27,Ridge,none,0.9663114731712985,66.65610617264498,35.6719349608342,0.6627993987960445
Al,27,MLP,none,0.9293239104692002,96.54620027329855,41.51870021871885,0.17691406119280834
Al,27,RandomForest,winsorize_1_99,0.8255161370068946,151.6968504078445,54.870116000000124,0.7110878864499842
Al,27,ExtraTrees,winsorize_1_99,0.8971203178675382,116.48331905951221,44.76572436363632,0.7364543585164384
Al,27,KNN,winsorize_1_99,0.8247558077029346,152.02700753834978,57.49868535527255,0.7460259631417253
Al,27,Ridge,winsorize_1_99,0.8950737582179146,117.63620048735743,60.24481878483841,0.7260330236560356
Al,27,MLP,winsorize_1_99,0.7437823209906185,183.8245351325633,63.55209845682673,0.5529094042437828
Al,28,RandomForest,none,0.8862507747926226,33.84834624965491,19.02881272727271,0.8089452094740912
Al,28,ExtraTrees,none,0.8556848953971978,38.125814069444296,21.952222181818158,0.8532988075817028
Al,28,KNN,none,0.8227433338129739,42.25367813730125,25.068950046537235,0.8124580426169601
Al,28,Ridge,none,0.8560020396115088,38.0838987354958,25.90008538706605,0.8531989404886403
Al,28,MLP,none,0.6738826700748743,57.312607853788386,34.23230480738257,0.5138270000684979
Al,28,RandomForest,winsorize_1_99,0.8868356789512236,33.761209151726206,19.09263636363635,0.8066875648091765
Al,28,ExtraTrees,winsorize_1_99,0.844283028982427,39.60328444026963,21.9303916363636,0.8597430829871845
Al,28,KNN,winsorize_1_99,0.8004507619564373,44.832015964283656,26.410713997389564,0.7860712047974703
Al,28,Ridge,winsorize_1_99,0.8272485164869663,41.71325920492821,28.69514881097721,0.8396921938561583
Al,28,MLP,winsorize_1_99,0.6681481337163604,57.81431222728589,34.62055337709124,0.4985452977113519
Al,29,RandomForest,none,0.8957176744827369,86.43330254498761,38.75024799999995,0.45383117408682383
Al,29,ExtraTrees,none,0.9437056808418474,63.50501736560412,29.047605090909045,0.6402054475443508
Al,29,KNN,none,0.9316727317393763,69.96370220220018,34.41959604381761,0.6644689754347027
Al,29,Ridge,none,0.9283933778541672,71.62297352483992,42.18514237100257,0.6556200751914625
Al,29,MLP,none,0.9422287080374141,64.3327021873899,34.59622645573663,0.4825228697759272
Al,29,RandomForest,winsorize_1_99,0.9205603535241834,75.43873634110406,35.156101090909026,0.38893886109481
Al,29,ExtraTrees,winsorize_1_99,0.9402136219683863,65.44506080571473,28.293460363636456,0.557527579943954
Al,29,KNN,winsorize_1_99,0.9569978369022616,55.50356830231955,30.24404071373271,0.6738951662337133
Al,29,Ridge,winsorize_1_99,0.9483493258307476,60.82943055108365,39.02382420950261,0.6072627258269093
Al,29,MLP,winsorize_1_99,0.9322293889896163,69.67812478927414,35.224135361770564,0.4642403304038626
Mn,0,RandomForest,none,0.8348348227236874,111.79161280647297,43.71464763636362,0.7841041243707251
Mn,0,ExtraTrees,none,0.8197724411847315,116.77787762359851,44.73049199999993,0.8174482933048045
Mn,0,KNN,none,0.8124119889317389,119.13860680018993,44.98063256673529,0.7841040058487808
Mn,0,Ridge,none,0.9296543314226957,72.95728409724768,39.720379150548176,0.7709910572865419
Mn,0,MLP,none,0.9220024702983873,76.82284772686764,41.26924328174076,0.7684598005313523
Mn,0,RandomForest,winsorize_1_99,0.8362734741134674,111.30367425860032,43.75335781818182,0.7916511298329806
Mn,0,ExtraTrees,winsorize_1_99,0.8762715963892809,96.75750979105821,41.31820545454537,0.7975446756887443
Mn,0,KNN,winsorize_1_99,0.846000277859862,107.94684322207068,44.194692620200335,0.7748411487713778
Mn,0,Ridge,winsorize_1_99,0.9541592863851209,58.89462525202898,36.41822002808523,0.7564007837649622
Mn,0,MLP,winsorize_1_99,0.9357492929816534,69.72506588584014,38.52405737888498,0.7634821433341713
Mn,1,RandomForest,none,0.502337215238443,184.36947174189035,59.238547636363535,0.7265040640027274
Mn,1,ExtraTrees,none,0.6354845729937333,157.7899669682715,53.793779999999934,0.8233764153346362
Mn,1,KNN,none,0.6731583650664463,149.4135951568678,49.2124457537754,0.8230915735860673
Mn,1,Ridge,none,0.6869192643816533,146.23441814430907,68.70560228238074,0.8274294222699344
Mn,1,MLP,none,0.7944475830068297,118.49027912689508,61.26760112477898,0.5941164282526309
Mn,1,RandomForest,winsorize_1_99,0.47914224046769327,188.61707160550472,59.99327090909084,0.7107740970185041
Mn,1,ExtraTrees,winsorize_1_99,0.41535263304773995,199.83356108956346,58.874218545454504,0.7740170247808418
Mn,1,KNN,winsorize_1_99,0.724180518751169,137.25680877213827,50.195502764231605,0.8338594480633901
Mn,1,Ridge,winsorize_1_99,0.7244075277218671,137.2003135954461,59.50032194051827,0.7808783268125532
Mn,1,MLP,winsorize_1_99,0.8089202341353243,114.24278424130611,47.769252995649914,0.6309965178786319
Mn,2,RandomForest,none,0.8535061821364808,101.02663456582573,46.81964254545432,0.5145990082827744
Mn,2,ExtraTrees,none,0.9057344390085125,81.04062193543271,38.60107854545423,0.6382146413179288
Mn,2,KNN,none,0.9535906191918808,56.862915615482464,25.497561320240624,0.6815891968263237
Mn,2,Ridge,none,0.9229253358741892,73.27942577605809,42.49701864471059,0.6871359891368077
Mn,2,MLP,none,0.9384035577999511,65.5094647693029,36.590893165135014,0.6119796687861314
Mn,2,RandomForest,winsorize_1_99,0.839468481313725,105.75633557498578,46.60689563636339,0.4880883638765708
Mn,2,ExtraTrees,winsorize_1_99,0.9111721702369063,78.66848070283638,36.716638181818006,0.5431090613904916
Mn,2,KNN,winsorize_1_99,0.9532069959390217,57.09744840543647,25.29027968635594,0.6940843314210499
Mn,2,Ridge,winsorize_1_99,0.9215768007816497,73.91771183920116,43.32820563623191,0.6524923340730497
Mn,2,MLP,winsorize_1_99,0.9372828988324624,66.10270404910987,34.968054773318634,0.6097919984152392
Mn,3,RandomForest,none,0.9504729492036904,27.790132767411404,15.726968363636374,-0.34777280301392094
Mn,3,ExtraTrees,none,0.9595175475425841,25.124810511750162,15.14584981818181,0.2222235912412085
Mn,3,KNN,none,0.9259219749398104,33.98709813424622,17.525497676139413,0.33154175485808646
Mn,3,Ridge,none,0.8756602512827248,44.03260510904162,29.91884561493818,0.2966899092392731
Mn,3,MLP,none,0.5075269659175858,87.63157460865104,39.76232616436655,0.3118256916659765
Mn,3,RandomForest,winsorize_1_99,0.9498944145858174,27.951972354086173,15.752190545454557,-0.461982342746227
Mn,3,ExtraTrees,winsorize_1_99,0.9610919722641579,24.63139428332775,14.900461454545484,0.02456401622856328
Mn,3,KNN,winsorize_1_99,0.9411844037821658,30.28416750952601,16.7361435128662,0.40436943180636253
Mn,3,Ridge,winsorize_1_99,0.7999182113806498,55.85642916615395,33.090203894140245,0.017526337617405473
Mn,3,MLP,winsorize_1_99,0.5110143431881673,87.32074813920065,42.088766888749234,0.17030361047002263
Mn,4,RandomForest,none,0.8993833130297958,98.83641284324791,34.392084727272646,0.668673670044827
Mn,4,ExtraTrees,none,0.9300513456988739,82.40843186802093,35.96551854545436,0.7451380390772167
Mn,4,KNN,none,0.9308357789774022,81.94504785885913,34.51940708165655,0.7470670626309166
Mn,4,Ridge,none,0.9511376139655225,68.87621982955321,39.74845846975108,0.6720143825982309
Mn,4,MLP,none,0.5653642340242566,205.42093370847246,85.15917549886618,0.44612134366972434
Mn,4,RandomForest,winsorize_1_99,0.8968919905507542,100.05255178785794,35.32482763636356,0.6698448350090298
Mn,4,ExtraTrees,winsorize_1_99,0.941946360010753,75.07523424393523,31.413316727272584,0.7101730803507251
Mn,4,KNN,winsorize_1_99,0.927991376859927,83.61308003136699,34.94003267124191,0.734416355650249
Mn,4,Ridge,winsorize_1_99,0.9088984133324969,94.04699829277081,49.14783142503723,0.7756511051040118
Mn,4,MLP,winsorize_1_99,0.6702187612535749,178.9348529493838,77.20718816818426,0.6231699494208973
Mn,5,RandomForest,none,0.8512013846920288,96.08717152811813,33.79154545454548,0.44337817904727217
Mn,5,ExtraTrees,none,0.8417155294255627,99.10261597444914,34.68634072727264,0.5621489640274403
Mn,5,KNN,none,0.7162131077064307,132.69731353811702,37.83587847419202,0.6496833820625284
Mn,5,Ridge,none,0.9318719904934534,65.01728268488009,39.07564105645784,0.6659612561102569
Mn,5,MLP,none,0.20423469339556155,222.20737302790127,77.66734694281784,0.5436600122432423
Mn,5,RandomForest,winsorize_1_99,0.8874597011753775,83.56414934484796,31.786554545454546,0.40428574566052644
Mn,5,ExtraTrees,winsorize_1_99,0.8944529815805009,80.92616298187035,33.21867236363627,0.4466271441605194
Mn,5,KNN,winsorize_1_99,0.8676536439086081,90.61956199956664,33.396486124663625,0.6420125108758005
Mn,5,Ridge,winsorize_1_99,0.9590320594931905,50.41828056183979,33.07119879144342,0.5569838270916889
Mn,5,MLP,winsorize_1_99,0.1547465374698097,229.01263504622275,79.69971582588208,0.549299349539517
Mn,6,RandomForest,none,0.8871339580584577,124.8615120042566,35.17736363636361,0.15250306010099032
Mn,6,ExtraTrees,none,0.8236454917018553,156.07747313114263,51.53642218181808,0.6660281533528023
Mn,6,KNN,none,0.8047693828750841,164.2180556067846,49.99578952506332,0.5176668501807523
Mn,6,Ridge,none,0.8171713948553407,158.91650860897505,48.84658792092938,0.5379436914600365
Mn,6,MLP,none,0.831046020445534,152.76756449335554,47.44531192390256,0.37513872844293356
Mn,6,RandomForest,winsorize_1_99,0.8890680357107955,123.78707291749045,37.61187999999995,-0.21885513296115455
Mn,6,ExtraTrees,winsorize_1_99,0.8533347220369635,142.33463661553654,41.83426218181805,0.2710091439643329
Mn,6,KNN,winsorize_1_99,0.7801723390863959,174.25614877863777,61.520813508391754,0.514147621153673
Mn,6,Ridge,winsorize_1_99,0.8218459757476071,156.87175691891002,59.93079999853621,0.1926753324882376
Mn,6,MLP,winsorize_1_99,0.7931327249124898,169.04130585783685,58.36327641892637,0.38319270894819885
Mn,7,RandomForest,none,-0.5976662402560227,184.4704605443795,50.76456981818178,0.8651035317710072
Mn,7,ExtraTrees,none,0.117963590845938,137.06515423050084,48.06936654545461,0.890164467721078
Mn,7,KNN,none,0.19540099458732685,130.91021873982925,44.306938964814364,0.8349972498550642
Mn,7,Ridge,none,0.20359577318250888,130.24185735941808,53.64792313298637,0.854400120613521
Mn,7,MLP,none,0.5002468636540482,103.1719328974345,48.41491239726886,0.6989049207894905
Mn,7,RandomForest,winsorize_1_99,-0.7550177549994184,193.34126690439504,52.03795854545452,0.868346991450068
Mn,7,ExtraTrees,winsorize_1_99,-0.3588148863717717,170.12335971704846,53.46435963636367,0.9022091715751295
Mn,7,KNN,winsorize_1_99,0.35923012917344377,116.82474568643919,43.32872486337428,0.8475562601421107
Mn,7,Ridge,winsorize_1_99,-0.06216191122430614,150.41084970270512,67.88851182964605,0.8782845995444429
Mn,7,MLP,winsorize_1_99,0.25781556056472654,125.73023439640326,59.542259449634216,0.8101559592667513
Mn,8,RandomForest,none,0.9558838795314517,52.723157717744854,22.282324000000035,0.7862753710742799
Mn,8,ExtraTrees,none,0.9883409932519771,27.104009018264968,17.26415636363635,0.8178315448824183
Mn,8,KNN,none,0.9607446466625268,49.73386391998174,22.355351721367555,0.7862173219745843
Mn,8,Ridge,none,0.9453730129030713,58.668688552452856,32.858399502293,0.820106797854093
Mn,8,MLP,none,0.9566470698953938,52.26512387961711,29.322234389728536,0.7105243134207797
Mn,8,RandomForest,winsorize_1_99,0.981454032425522,34.18436400977916,19.170527636363627,0.7898243291254884
Mn,8,ExtraTrees,winsorize_1_99,0.9916657326103843,22.915876405664076,15.766937818181965,0.8191424488224401
Mn,8,KNN,winsorize_1_99,0.9713760133755428,42.4685874817796,22.664548848977,0.7915024938805348
Mn,8,Ridge,winsorize_1_99,0.9560464995040661,52.62589447079778,32.825701642478215,0.7980139802244427
Mn,8,MLP,winsorize_1_99,0.9696335758812245,43.7420953585474,23.157444500994735,0.5832567741444106
Mn,9,RandomForest,none,0.7088486379326033,168.73076540807077,58.10343345454546,0.8779725946208234
Mn,9,ExtraTrees,none,0.6858898762790027,175.2571844819665,58.46123781818185,0.8998699026362097
Mn,9,KNN,none,0.6136006937592203,194.38065109794482,61.53543905553387,0.8680552198547499
Mn,9,Ridge,none,0.6523744154295561,184.37020119146322,65.03989552719376,0.9095939495996379
Mn,9,MLP,none,0.6627529759309502,181.59710741456746,62.88232177705348,0.8067981811778793
Mn,9,RandomForest,winsorize_1_99,0.6937182844872318,173.05948181338368,62.52726363636367,0.9074053812899467
Mn,9,ExtraTrees,winsorize_1_99,0.6958425753002012,172.45828965397862,59.26536581818185,0.918897218531591
Mn,9,KNN,winsorize_1_99,0.5735024621307387,204.21758105496264,64.96949516635479,0.86181548904733
Mn,9,Ridge,winsorize_1_99,0.6516412366979814,184.5645268050909,72.59437969157733,0.8962679166348275
Mn,9,MLP,winsorize_1_99,0.6920091755204704,173.54166214126357,64.18611884999024,0.8090615712168601
Mn,10,RandomForest,none,0.7938236366965036,71.90572176329567,31.95700363636364,0.7443337784292573
Mn,10,ExtraTrees,none,0.8226916967548584,66.68198958813828,31.308304363636385,0.7698568241734683
Mn,10,KNN,none,0.7788272297893912,74.4748849937365,30.671298524166374,0.8402846304459496
Mn,10,Ridge,none,0.8328386149187101,64.74585837714395,34.911461565113605,0.841271562621577
Mn,10,MLP,none,0.7918577733543393,72.24771408158693,43.83884461696921,0.7333525482920399
Mn,10,RandomForest,winsorize_1_99,0.792301029496372,72.17074433047019,32.07304654545456,0.7456451325823167
Mn,10,ExtraTrees,winsorize_1_99,0.8177004649075696,67.61402549175901,31.564239272727335,0.7558693026182187
Mn,10,KNN,winsorize_1_99,0.7766148779980611,74.8464376608034,32.0182643227609,0.8479014941073297
Mn,10,Ridge,winsorize_1_99,0.7910970086211179,72.3796272021378,41.13771906729161,0.8127181305989964
Mn,10,MLP,winsorize_1_99,0.65823689195259,92.57774599654996,48.17678983941124,0.7293873615974678
Mn,11,RandomForest,none,0.9507813861894596,56.75147320664645,26.990165454545487,0.5452731922274674
Mn,11,ExtraTrees,none,0.9563494665175688,53.44501812781764,27.577167636363683,0.7053005949553772
Mn,11,KNN,none,0.9557624847376376,53.80316369816964,27.920239471261084,0.6984959320343294
Mn,11,Ridge,none,0.9177795413823359,73.35038508862884,42.651400124416504,0.681554130663037
Mn,11,MLP,none,0.3361150721788859,208.429340931884,88.316891408121,0.5191997942710886
Mn,11,RandomForest,winsorize_1_99,0.970403781679961,44.00789157228782,23.85072581818183,0.5383339110343377
Mn,11,ExtraTrees,winsorize_1_99,0.9630306157121405,49.18510009900551,25.510777454545657,0.6369668586550427
Mn,11,KNN,winsorize_1_99,0.9705686794914468,43.885123501696654,25.37222331972925,0.7038692114949142
Mn,11,Ridge,winsorize_1_99,0.9523455685228368,55.84240282544265,35.896912604939374,0.6678908476609884
Mn,11,MLP,winsorize_1_99,0.9340912273073955,65.67257770711943,39.86658432784461,0.5487755536998336
Mn,12,RandomForest,none,0.9008552364604211,76.5549732055164,30.359713454545457,0.7748339331038612
Mn,12,ExtraTrees,none,0.8490595506100097,94.45856368276115,43.99829563636377,0.8218079207392133
Mn,12,KNN,none,0.8884860230341141,81.19011759183843,32.920970779291785,0.7559681083935612
Mn,12,Ridge,none,0.8729869961022204,86.64881183065161,37.44054846360009,0.7517496282555604
Mn,12,MLP,none,0.764991543267689,117.86375238198667,53.21074243386827,0.34768839992601697
Mn,12,RandomForest,winsorize_1_99,0.9029716846921948,75.73345387793732,30.318520000000007,0.7784475650973585
Mn,12,ExtraTrees,winsorize_1_99,0.8831671980689608,83.10380603184566,39.85258581818183,0.8191400703854865
Mn,12,KNN,winsorize_1_99,0.8437545645354428,96.10416009886016,39.04966624638278,0.7383012429996805
Mn,12,Ridge,winsorize_1_99,0.8097876357984624,106.03711177112008,56.6840873485701,0.7693505311913249
Mn,12,MLP,winsorize_1_99,0.6190882842635548,150.05507333118933,65.73134037613083,0.37037303378197156
Mn,13,RandomForest,none,0.7468924834956248,132.4806763989902,42.222587272727296,0.8414360477553682
Mn,13,ExtraTrees,none,0.7180712272111116,139.820134633733,41.78464690909092,0.8679005877532815
Mn,13,KNN,none,0.6433815641597764,157.25407593952792,48.06014529488019,0.8440213316931324
Mn,13,Ridge,none,0.6655985099528209,152.27693172327298,48.36340102144817,0.8379179500037278
Mn,13,MLP,none,0.38850135582678913,205.9196373674113,79.51724680438481,0.6850591264238043
Mn,13,RandomForest,winsorize_1_99,0.7632358952556921,128.13210054789525,41.65939781818185,0.842866181096505
Mn,13,ExtraTrees,winsorize_1_99,0.7313905402021174,136.47737705683437,43.080701818181836,0.8892077317357934
Mn,13,KNN,winsorize_1_99,0.6025715474268429,166.0081819568282,56.451116593933584,0.8544674162562942
Mn,13,Ridge,winsorize_1_99,0.6842719800938266,147.96417550912736,53.588522714354845,0.8286080073655114
Mn,13,MLP,winsorize_1_99,0.4236630925419833,199.91170880393088,82.67167952870871,0.7562538122110191
Mn,14,RandomForest,none,0.7364778364620359,141.25372695408993,43.12044872727272,0.8400495966220077
Mn,14,ExtraTrees,none,0.7444319491491138,139.1056026439716,42.39837381818176,0.8260159525343305
Mn,14,KNN,none,0.6896862575479394,153.28224277147976,50.889656546180035,0.8511764105938798
Mn,14,Ridge,none,0.6966626885024356,151.54941292840272,49.33535434780688,0.8566761409271401
Mn,14,MLP,none,0.5287095244318926,188.90161601847632,73.90731155407566,0.7352699830876784
Mn,14,RandomForest,winsorize_1_99,0.7500457354328642,137.56932840516697,42.2224970909091,0.8264496911709772
Mn,14,ExtraTrees,winsorize_1_99,0.7499244469452904,137.60270161478215,41.20003272727269,0.8286071126401271
Mn,14,KNN,winsorize_1_99,0.6788723989291076,155.93017245241,52.955137500531556,0.8521379434719822
Mn,14,Ridge,winsorize_1_99,0.6980612703480722,151.19963872307378,56.29889284591814,0.8248746577957782
Mn,14,MLP,winsorize_1_99,0.5913871563084273,175.89251083511155,71.3752066894474,0.7066200466483965
Mn,15,RandomForest,none,0.8773599410407819,78.73042334617087,30.812752363636445,0.7050578434678993
Mn,15,ExtraTrees,none,0.861102513960616,83.78641414575289,34.86113963636364,0.6711707705879412
Mn,15,KNN,none,0.8220892476270364,94.82601708278648,37.11134923347797,0.7667206056281024
Mn,15,Ridge,none,0.7995607893429608,100.65092101669437,41.62782086471557,0.7025450453617819
Mn,15,MLP,none,0.8040462705425435,99.5183525900268,39.170408250322154,0.4491782880774654
Mn,15,RandomForest,winsorize_1_99,0.8782504137620206,78.44407719261521,30.487114545454606,0.7023933204766302
Mn,15,ExtraTrees,winsorize_1_99,0.8701933094071469,80.99812213503395,33.1835890909091,0.6486657256838241
Mn,15,KNN,winsorize_1_99,0.8043742712007874,99.43502741850253,39.10831335739326,0.7721898356615375
Mn,15,Ridge,winsorize_1_99,0.8083568642637601,98.41766240882448,46.63774920106154,0.6788125089585092
Mn,15,MLP,winsorize_1_99,0.7923019608513495,102.45722984994576,47.59353858682164,0.5743687224111385
Mn,16,RandomForest,none,0.7104317798536968,139.80712526125163,37.706192363636404,0.8369573322177709
Mn,16,ExtraTrees,none,0.744996275211985,131.19797124956892,36.36821018181815,0.8580386404786955
Mn,16,KNN,none,0.6785661564517058,147.29895239621015,40.80389311033255,0.8316460227776432
Mn,16,Ridge,none,0.6948285823166758,143.52441488262684,39.35887067372191,0.8427371103964537
Mn,16,MLP,none,0.5788644113674598,168.60281805448693,61.02333088653171,0.7015302360106068
Mn,16,RandomForest,winsorize_1_99,0.7269095642284926,135.77102685342942,37.453196727272775,0.8402277324952706
Mn,16,ExtraTrees,winsorize_1_99,0.7336129561826,134.0943275044419,36.08709090909088,0.8606578017879499
Mn,16,KNN,winsorize_1_99,0.6586514673355466,151.79339608092866,43.23897936396478,0.8439705175738492
Mn,16,Ridge,winsorize_1_99,0.7082956540753994,140.32185172887856,43.94891211049222,0.830293085799136
Mn,16,MLP,winsorize_1_99,0.6335620301513167,157.2729712176403,61.19002505203512,0.6947693306400783
Mn,17,RandomForest,none,0.5230627866476474,180.57318241846727,55.34686363636363,0.7857444552385818
Mn,17,ExtraTrees,none,0.6480396252866396,155.12062034572432,43.7102047272726,0.8411825438243309
Mn,17,KNN,none,0.6663806563067407,151.02479642924615,49.962797441901714,0.8250394693375187
Mn,17,Ridge,none,0.7882334034033358,120.32375470526915,45.038652771280034,0.8056082966745931
Mn,17,MLP,none,0.8484421467665737,101.79158332278732,46.89658186894731,0.6347059098894066
Mn,17,RandomForest,winsorize_1_99,0.48531111958713447,187.58367500438675,56.53004254545453,0.8172383379286707
Mn,17,ExtraTrees,winsorize_1_99,0.4162696047465665,199.76932451751796,49.153405818181724,0.8212755510470519
Mn,17,KNN,winsorize_1_99,0.7215539603893428,137.9727021143986,48.03027859298244,0.8271097365008551
Mn,17,Ridge,winsorize_1_99,0.7028542530256761,142.5303680094019,57.16696001161113,0.8175796890879934
Mn,17,MLP,winsorize_1_99,0.805539637700538,115.30235892563005,43.47573352009459,0.607120866750938
Mn,18,RandomForest,none,0.9018961871750241,91.04977861189414,35.705912,0.6989307232245088
Mn,18,ExtraTrees,none,0.9315812894126821,76.03672333159261,33.60882727272713,0.7948204559420944
Mn,18,KNN,none,0.9017836082750583,91.10200565911244,37.797002813163566,0.7558131305303176
Mn,18,Ridge,none,0.9386076331859126,72.02663726577534,39.87754470567153,0.7566168565915381
Mn,18,MLP,none,0.5958688292938727,184.79793982613225,74.33103703697974,0.6162197618772229
Mn,18,RandomForest,winsorize_1_99,0.9168220211672582,83.83784999120304,32.9761207272727,0.7047104176165997
Mn,18,ExtraTrees,winsorize_1_99,0.925547205254937,79.31885805720543,33.54715890909093,0.8060656066184713
Mn,18,KNN,winsorize_1_99,0.8954327677723308,94.0012778163748,40.85799172317846,0.7496974220295238
Mn,18,Ridge,winsorize_1_99,0.9511363140838993,64.25827498696269,38.939922467857016,0.7662599340663444
Mn,18,MLP,winsorize_1_99,0.7083187218682845,156.99659305822513,63.326878265454326,0.6036156727162872
Mn,19,RandomForest,none,0.6831039331070111,211.44790032540342,67.50084400000001,0.8643617817407769
Mn,19,ExtraTrees,none,0.7416689547757636,190.91201128312946,63.91400399999997,0.8789798446040915
Mn,19,KNN,none,0.6628502758065007,218.10034713366247,69.8301223539925,0.8123300795750945
Mn,19,Ridge,none,0.7369440845067274,192.64998905860264,67.45318168825504,0.8753825140437502
Mn,19,MLP,none,0.7145724384874423,200.67483107233969,77.16296196570715,0.6074768481747833
Mn,19,RandomForest,winsorize_1_99,0.7451191411080651,189.63284619493896,61.189559636363605,0.8575096383186148
Mn,19,ExtraTrees,winsorize_1_99,0.7893326069616032,172.4025213269021,58.35670654545453,0.8725076743896786
Mn,19,KNN,winsorize_1_99,0.6974108259237645,206.61966135611988,65.77887803416836,0.8134192785878444
Mn,19,Ridge,winsorize_1_99,0.7615907321561975,183.40303552547556,63.4606571550023,0.8397336231142114
Mn,19,MLP,winsorize_1_99,0.7729087672272986,178.9967461749356,69.29913123146225,0.5701785610306856
Mn,20,RandomForest,none,0.9145606816282108,84.55125650783835,36.914157454545624,0.7420995492268065
Mn,20,ExtraTrees,none,0.899927847741356,91.50562647271916,36.14120800000012,0.8044724907621832
Mn,20,KNN,none,0.8823887404619337,99.20090381833754,37.5135634404754,0.7857378029585583
Mn,20,Ridge,none,0.9031472109995151,90.02170707501693,45.059293939330125,0.7608115402137872
Mn,20,MLP,none,0.8641000769653168,106.63524814579121,50.995760495203854,0.3696511632373253
Mn,20,RandomForest,winsorize_1_99,0.9322711375750607,75.27973283881032,35.083726545454695,0.7450215320867258
Mn,20,ExtraTrees,winsorize_1_99,0.9390366901776109,71.42092117926053,32.71956400000011,0.7814013959060476
Mn,20,KNN,winsorize_1_99,0.8899991047268105,95.93769688473915,38.686915762329406,0.7672198619502794
Mn,20,Ridge,winsorize_1_99,0.9030166303757595,90.08237198351368,48.54185584165847,0.772757990457613
Mn,20,MLP,winsorize_1_99,0.9085932901746812,87.45410849234163,48.14588120288435,0.6747498323252203
Mn,21,RandomForest,none,0.772121529078009,112.35784328245121,36.96220727272732,0.6758083041022735
Mn,21,ExtraTrees,none,0.8037198977117518,104.27732547830078,33.08657745454554,0.7518437569557785
Mn,21,KNN,none,0.7838346735761343,109.43210732878696,34.82307307448922,0.7504783342962847
Mn,21,Ridge,none,0.9145744200102633,68.79323205276627,39.68187451746279,0.7696387332403799
Mn,21,MLP,none,0.8386501832311061,94.54443791876463,49.28878124451352,0.5914354011173868
Mn,21,RandomForest,winsorize_1_99,0.8172516974008066,100.61863512243843,35.29726872727277,0.6496912908078587
Mn,21,ExtraTrees,winsorize_1_99,0.8897083373739767,78.16693583076214,29.217513454545575,0.6807754461600084
Mn,21,KNN,winsorize_1_99,0.8186850728778866,100.22326017157513,32.544983094578306,0.7419558390077071
Mn,21,Ridge,winsorize_1_99,0.9456238213337509,54.88530575490285,33.410003928369804,0.7242213821352694
Mn,21,MLP,winsorize_1_99,0.9304908158620169,62.05443724613482,32.40211486979044,0.6458838980997952
Mn,22,RandomForest,none,0.7340764965375635,170.1108518935416,51.79974436363636,0.7369940130380603
Mn,22,ExtraTrees,none,0.7084091459665467,178.13145139357798,54.05511890909095,0.7803412701613242
Mn,22,KNN,none,0.6421915678679783,197.32356039852252,65.5247793629485,0.7542418560183117
Mn,22,Ridge,none,0.745080639371148,166.55400021253203,59.83475704847063,0.8418984794888733
Mn,22,MLP,none,0.7514560558213168,164.4580931893194,63.5657091286523,0.8208754205922485
Mn,22,RandomForest,winsorize_1_99,0.7912375002190521,150.72312913283727,47.08001127272726,0.744450408343244
Mn,22,ExtraTrees,winsorize_1_99,0.7883593550103958,151.7585595704731,45.626922909090865,0.7762181085852128
Mn,22,KNN,winsorize_1_99,0.6686113900837829,189.8988987474861,66.82050364428628,0.7760270809054225
Mn,22,Ridge,winsorize_1_99,0.7493134013431991,165.1654543803784,62.6976731262667,0.8366220225746472
Mn,22,MLP,winsorize_1_99,0.7510068104185642,164.6066558249532,64.30150201776969,0.8110084655765997
Mn,23,RandomForest,none,0.29760014508132837,187.0329799936308,58.61679163636356,0.7756154330517875
Mn,23,ExtraTrees,none,0.570517218559143,146.2510071294673,45.82569054545447,0.7883983820251756
Mn,23,KNN,none,0.6638195911228681,129.39341868660821,47.8204500462208,0.8060741171415666
Mn,23,Ridge,none,0.6388314741426134,134.11610594124258,55.2266792414534,0.7173362887291832
Mn,23,MLP,none,0.7362860458399652,114.60209113907304,53.47249716386469,0.6201483232876319
Mn,23,RandomForest,winsorize_1_99,0.2613324762995767,191.800833237329,59.319970545454495,0.7758508562539616
Mn,23,ExtraTrees,winsorize_1_99,0.4225794041469436,169.5790204134197,51.128513454545384,0.7916668387900551
Mn,23,KNN,winsorize_1_99,0.6460429964659751,132.77039333444822,51.828407674860436,0.7244720402879435
Mn,23,Ridge,winsorize_1_99,0.615482193606248,138.38346952707673,58.90409822655431,0.6760895273817956
Mn,23,MLP,winsorize_1_99,0.7371076493373062,114.42342988697544,47.65409418644114,0.6175342551656787
Mn,24,RandomForest,none,0.8072402414910026,94.198776629602,38.37288872727268,-0.8338104437361477
Mn,24,ExtraTrees,none,0.8400779862110462,85.80077305031409,34.36197963636354,-0.079919151067475
Mn,24,KNN,none,0.7828741680280659,99.97532476883562,42.49072007480597,0.41551574112351125
Mn,24,Ridge,none,0.739615607600485,109.4824607717768,51.290116024423895,0.21338131407448344
Mn,24,MLP,none,0.807481811975779,94.13973220497009,43.23103536052687,0.7170171536352192
Mn,24,RandomForest,winsorize_1_99,0.8089629517961456,93.77690070217136,38.09944872727267,-1.0000288703401268
Mn,24,ExtraTrees,winsorize_1_99,0.836936396664731,86.63943138179579,35.11378290909085,-0.33772690254648363
Mn,24,KNN,winsorize_1_99,0.8101539356425855,93.4841266247464,37.156281373640574,0.16978662540431103
Mn,24,Ridge,winsorize_1_99,0.8231248234830344,90.23406425363109,45.794791290259084,-0.10158255907462461
Mn,24,MLP,winsorize_1_99,0.8400876722912043,85.79817464084536,44.31877157397218,0.7443860435001352
Mn,25,RandomForest,none,0.8157934989057283,128.31392394575897,44.42206763636362,0.536056329994438
Mn,25,ExtraTrees,none,0.8468651952744419,116.9925653568727,41.45516799999999,0.5809396482800088
Mn,25,KNN,none,0.8156553669253572,128.36202467731965,43.27805502832044,0.7113499216914392
Mn,25,Ridge,none,0.8533443239218842,114.4908415769969,50.1795404099708,0.6743119894757374
Mn,25,MLP,none,0.8549311645789262,113.86975123423959,45.71390086441975,0.657800362083887
Mn,25,RandomForest,winsorize_1_99,0.8530070839132465,114.62240389403243,41.65920690909087,0.49331684032098233
Mn,25,ExtraTrees,winsorize_1_99,0.8932927337979618,97.66035673388032,37.85972509090905,0.4865616447926674
Mn,25,KNN,winsorize_1_99,0.8486448050640008,116.31078193722077,43.17941344619253,0.7328397294818176
Mn,25,Ridge,winsorize_1_99,0.8924737277773687,98.03442465748171,45.28245089896538,0.6049215852696348
Mn,25,MLP,winsorize_1_99,0.8973011512316847,95.8085124377463,39.663704402445326,0.6521975428641544
Mn,26,RandomForest,none,0.6347232348013514,67.31982447195631,29.85678399999999,0.4389872498612119
Mn,26,ExtraTrees,none,0.7350226977825431,57.33717453311993,25.408511636363546,0.683109674079438
Mn,26,KNN,none,0.8409603973459799,44.42061754012981,22.56053713429355,0.6847829910336583
Mn,26,Ridge,none,0.7334377627424853,57.50839714387824,35.973221711432565,0.6902724574419745
Mn,26,MLP,none,0.09652830626153985,105.87397676901185,57.61464328803518,0.812087611592414
Mn,26,RandomForest,winsorize_1_99,0.6096372204629694,69.59309507763943,30.29538109090907,0.4131407165441626
Mn,26,ExtraTrees,winsorize_1_99,0.7383654020143635,56.9743707917057,25.000086545454497,0.5932431437217487
Mn,26,KNN,winsorize_1_99,0.8546327159913947,42.468340329210484,22.749845189123793,0.6877380742249843
Mn,26,Ridge,winsorize_1_99,0.6618632937952905,64.77062828452375,39.96618436370591,0.5583682702563262
Mn,26,MLP,winsorize_1_99,0.14848872367346766,102.78438759809366,52.4830627523091,0.8013015808605441
Mn,27,RandomForest,none,0.8437004907947263,145.16991809446287,50.612394545454414,0.719697435032523
Mn,27,ExtraTrees,none,0.8428139517799562,145.5810416353239,49.5268967272725,0.784353774907817
Mn,27,KNN,none,0.773976791883051,174.57190136623825,61.69006757906354,0.7582677479048087
Mn,27,Ridge,none,0.8243610128575429,153.88925126958588,50.217049542615364,0.7673426297972656
Mn,27,MLP,none,0.8368393074155129,148.32200743726415,52.65746366939993,0.606980344552599
Mn,27,RandomForest,winsorize_1_99,0.8560133486203032,139.33458887238825,48.36945272727256,0.6892941400272965
Mn,27,ExtraTrees,winsorize_1_99,0.8499015398610774,142.26102813604695,49.31199890909063,0.747130730171607
Mn,27,KNN,winsorize_1_99,0.7639989384602269,178.38355013499591,60.77971560760977,0.725586815482401
Mn,27,Ridge,winsorize_1_99,0.821016129927482,155.34768001827564,60.65536869924331,0.7560283812290471
Mn,27,MLP,winsorize_1_99,0.8280678725315971,152.2566756397215,54.31587284203602,0.6168421756463585
Mn,28,RandomForest,none,0.8266699850463263,146.9442230722943,58.239469818181874,0.5267947688987726
Mn,28,ExtraTrees,none,0.9017645561258039,110.62409623751797,47.56236509090906,0.6153113702172458
Mn,28,KNN,none,0.7892751136745557,162.02183401141423,56.63751464720154,0.6221574968827863
Mn,28,Ridge,none,0.9280028580423992,94.70507626297905,49.96215252049416,0.5934162838245806
Mn,28,MLP,none,0.940275558989248,86.2564691443926,48.67808794152851,0.5536053974453904
Mn,28,RandomForest,winsorize_1_99,0.8277040587635505,146.50523831291608,57.6732981818182,0.5011259541581958
Mn,28,ExtraTrees,winsorize_1_99,0.9260261871853239,95.99633038923668,43.2383207272726,0.608979202521175
Mn,28,KNN,winsorize_1_99,0.7574448110114106,173.82847284366795,60.575237247629616,0.6453213080755749
Mn,28,Ridge,winsorize_1_99,0.9167903048968906,101.81285011112888,52.057903658371956,0.6402569815984144
Mn,28,MLP,winsorize_1_99,0.9298137095983716,93.50649415140502,50.57186316902298,0.5348853060638008
Mn,29,RandomForest,none,0.16850634486441485,194.93114241308413,53.01915345454552,0.879168901209615
Mn,29,ExtraTrees,none,0.45600762030315845,157.66967276542331,46.6375087272727,0.8904187725161113
Mn,29,KNN,none,0.6300837136204793,130.01800097253988,42.89415524898061,0.7683954180168907
Mn,29,Ridge,none,0.5373306507193817,145.40760557181827,58.80874482401229,0.8640981952116956
Mn,29,MLP,none,0.6831397173915329,120.33325399083533,46.971976814253935,0.5210111419930917
Mn,29,RandomForest,winsorize_1_99,0.08852016683979758,204.09167514682395,54.81177018181825,0.8922273115104057
Mn,29,ExtraTrees,winsorize_1_99,0.25468052637137684,184.55380028709934,50.69581236363643,0.9084628758745023
Mn,29,KNN,winsorize_1_99,0.6144642040523124,132.73458975528158,45.019439200063665,0.8346772096795434
Mn,29,Ridge,winsorize_1_99,0.5057731586214009,150.28475314761718,62.550455423712854,0.8758754363382538
Mn,29,MLP,winsorize_1_99,0.6576316973989826,125.08307033837198,51.127807865618486,0.5926285815792884
