Seed,Model,Outlier_Mode,N_Train,N_Test,CV_R2_Mean,CV_R2_Std,Test_R2,Test_RMSE,Test_MAE
0,RandomForest,none,218,55,0.7582597378348142,0.11697065693988813,0.14319279830589826,200.29677560259185,65.3183796363636
0,ExtraTrees,none,218,55,0.8331891363254096,0.05279190930562005,0.4986242373830684,153.21951091715664,57.565031636363614
0,KNN,none,218,55,0.8463886290612553,0.09583368041742318,0.5243855369668594,149.23130274722106,63.62808084983346
0,Ridge,none,218,55,0.8558389458580955,0.03801240051508391,0.4762599184882521,156.5994778544178,71.72787136375173
0,MLP,none,218,55,0.8570439521858052,0.04535590492011006,-0.121370722325856,229.14321935248756,104.80232585729806
0,RandomForest,iqr_remove,168,55,0.7717946570955041,0.041643059200565234,0.17263996947285698,196.8247335356353,83.92082763636354
0,ExtraTrees,iqr_remove,168,55,0.7874106347156637,0.054740964872345685,0.1711630419456902,197.00033196981326,84.21966181818175
0,KNN,iqr_remove,168,55,0.7284214167932737,0.06695967473067281,0.05034065671795629,210.87074221347035,92.98248295749535
0,Ridge,iqr_remove,168,55,0.6733731031490497,0.06168452498395949,0.406505112133016,166.70203257975538,78.05563212755877
0,MLP,iqr_remove,168,55,0.6918755703390531,0.07395937396560326,0.692360426048189,120.01996742298505,54.17847317654504
0,RandomForest,winsorize_1_99,218,55,0.7600213740836307,0.11582867763480925,0.06709022797178699,209.00285807813995,66.56224836363634
0,ExtraTrees,winsorize_1_99,218,55,0.8184214986193842,0.041468363970995306,0.316279232039854,178.92531473057727,62.242720363636316
0,KNN,winsorize_1_99,218,55,0.8450650696878343,0.07870322877479032,0.5323550247685402,147.9757466775041,64.80741337858952
0,Ridge,winsorize_1_99,218,55,0.8487250825421381,0.038985412507765056,0.5256179624217465,149.0378311778611,66.87589284600963
0,MLP,winsorize_1_99,218,55,0.8611476967452466,0.04491692020227962,0.4347182935899858,162.6915023050961,85.22999681475648
1,RandomForest,none,218,55,0.7900176773387061,0.18590189943823518,0.7649495977727441,138.2088882124772,45.049754545454576
1,ExtraTrees,none,218,55,0.8060643344692154,0.13617977913874652,0.7733901271902377,135.70469946520564,40.07514872727272
1,KNN,none,218,55,0.8185897332174934,0.06669653158924202,0.7097266569406576,153.58862464941217,46.33481237845723
1,Ridge,none,218,55,0.8109458809327034,0.18190014332279733,0.7060834667201918,154.5494565678538,49.00251864357824
1,MLP,none,218,55,0.7035311262900891,0.21145976867925034,0.6994804001264192,156.27585189597312,47.69063583347467
1,RandomForest,iqr_remove,165,55,0.7273626405399993,0.11912276469477459,0.09162089494921488,271.6996268547517,88.87466072727265
1,ExtraTrees,iqr_remove,165,55,0.7165058624081894,0.13946025125317058,0.09001851287553875,271.93916053699763,88.76368654545443
1,KNN,iqr_remove,165,55,0.6182465792407787,0.13077251472399395,0.004458571834643821,284.43637997214205,97.58840910592274
1,Ridge,iqr_remove,165,55,0.6227751393456269,0.10565908851964734,0.44768040172406476,211.86084541372125,67.07398152486857
1,MLP,iqr_remove,165,55,0.5886981833806845,0.16404343563620494,0.4824981437677912,205.0743907594306,61.750311001757076
1,RandomForest,winsorize_1_99,218,55,0.7941154700642902,0.23128730780043907,0.7765577723905922,134.75289376675826,45.43005527272731
1,ExtraTrees,winsorize_1_99,218,55,0.8062548074223976,0.2094860567192338,0.7738064411822098,135.57998791584063,40.622688727272696
1,KNN,winsorize_1_99,218,55,0.8043806571402727,0.1229837581378137,0.6741595983474459,162.7263713843395,51.01719174323946
1,Ridge,winsorize_1_99,218,55,0.8006969167668754,0.21654999912291437,0.7258756280581553,149.25514093979632,55.135262305331445
1,MLP,winsorize_1_99,218,55,0.6789876674997897,0.24282240489222426,0.729268282790277,148.3286496500535,48.284730213709466
2,RandomForest,none,218,55,0.6244773932968881,0.4411988249598726,0.9051650900241585,35.038309192175795,19.452418909090987
2,ExtraTrees,none,218,55,0.7315379355324512,0.21979209481561882,0.9126763452947207,33.62211075259836,17.84268363636367
2,KNN,none,218,55,0.7597911718554688,0.08151820713254128,0.8664764167399175,41.575550832114736,21.265436367915427
2,Ridge,none,218,55,0.7782379836762878,0.11537640544530099,0.7884317183858529,52.33404480674342,31.269324581750304
2,MLP,none,218,55,0.7495587713576886,0.16377242936430983,0.6573412914094046,66.60240464889196,38.170285317094724
2,RandomForest,iqr_remove,164,55,0.6963156663032732,0.130685945971284,0.47461545540214434,82.47031796481767,31.879707636363573
2,ExtraTrees,iqr_remove,164,55,0.7118723773389516,0.15391167793573446,0.5014872017831813,80.33359061043762,31.75960909090906
2,KNN,iqr_remove,164,55,0.6523443048416115,0.08984680688544601,0.3751151620704404,89.94127010155044,36.333752339872525
2,Ridge,iqr_remove,164,55,0.693569513280174,0.1782713227798033,0.8780526962124285,39.732429721701834,23.077547999398245
2,MLP,iqr_remove,164,55,0.6318639147094662,0.1295989918538477,0.7528139956499931,56.56801784769863,30.972268008587317
2,RandomForest,winsorize_1_99,218,55,0.6019903516475545,0.4991831376037968,0.9022630042791457,35.57038085604876,19.697179636363717
2,ExtraTrees,winsorize_1_99,218,55,0.6978838908550041,0.3050699386109051,0.9115601352568533,33.83631484695506,18.02221127272736
2,KNN,winsorize_1_99,218,55,0.7433114015038603,0.11165318105251121,0.8900195869049894,37.73259688604284,21.176866808784546
2,Ridge,winsorize_1_99,218,55,0.7188461211000796,0.19348193564575655,0.7132789619399242,60.92405516936724,34.39027007760751
2,MLP,winsorize_1_99,218,55,0.6836421548736886,0.20919283080548765,0.7531956211823789,56.52433386432473,30.811048648932662
3,RandomForest,none,218,55,0.49288267209290676,0.6279229563326173,0.7524708640651543,89.77337792536194,35.24842145454545
3,ExtraTrees,none,218,55,0.6892068415658622,0.2999343382819192,0.8038296949911158,79.919183373752,33.86921709090897
3,KNN,none,218,55,0.7054066697484912,0.14733051887462104,0.8829538798485208,61.7323649545472,29.661603828306088
3,Ridge,none,218,55,0.6728044289426686,0.3103153420888856,0.7980322576705645,81.09151407481457,38.51818809437428
3,MLP,none,218,55,0.758065477564633,0.17750054131745002,0.704029590767882,98.16542482171738,50.10169066244108
3,RandomForest,iqr_remove,160,55,0.7414084173692445,0.09585856355797889,0.25873381242251337,155.35366350967755,46.42665381818177
3,ExtraTrees,iqr_remove,160,55,0.7558925290892038,0.0573182494871024,0.2869537121901399,152.3678240621237,46.72703163636359
3,KNN,iqr_remove,160,55,0.6651857049995217,0.1078787856212142,0.15510134976825385,165.8581099521496,51.066879516326885
3,Ridge,iqr_remove,160,55,0.672550510561391,0.12512204763939588,0.6352037300828048,108.98321072096543,37.46814176015314
3,MLP,iqr_remove,160,55,0.6050499863265915,0.16101453187600595,0.6240048230084267,110.6434071487017,42.10319957605861
3,RandomForest,winsorize_1_99,218,55,0.4586751063051125,0.7166664356068287,0.7613705843536621,88.1447383140098,34.77941345454541
3,ExtraTrees,winsorize_1_99,218,55,0.615163813166603,0.45198317491194234,0.7751123093829992,85.56915557106268,35.02376145454541
3,KNN,winsorize_1_99,218,55,0.7077210633353956,0.16225728422832247,0.8726829565557288,64.38395873111885,29.619709447122577
3,Ridge,winsorize_1_99,218,55,0.6140067515818063,0.4336100237484514,0.8207962748033503,76.38497143360892,40.54287452074024
3,MLP,winsorize_1_99,218,55,0.7431501247595159,0.22688302072941513,0.6228359794215996,110.81525042456218,52.51063317866172
4,RandomForest,none,218,55,0.6334446346429509,0.3722193944320183,0.764602047575457,165.41724273804684,55.403741818181764
4,ExtraTrees,none,218,55,0.6359674372010963,0.38589644016385816,0.7507232549260439,170.2238150502125,60.65910472727269
4,KNN,none,218,55,0.6094831876489261,0.2684427501890934,0.724064342018825,179.09495414279345,55.89497769731655
4,Ridge,none,218,55,0.6616362608143078,0.36370740649095346,0.787732893707445,157.07996173409987,51.88790685746943
4,MLP,none,218,55,0.5021201996248836,0.6787393774537178,0.32778989657519353,279.53227232022033,100.98944922364858
4,RandomForest,iqr_remove,164,55,0.7103348811598307,0.08654962559124424,0.18741978246999147,307.3353808045871,94.90753345454567
4,ExtraTrees,iqr_remove,164,55,0.7363880240645128,0.08633797172046669,0.20800880522603593,303.41679296546755,92.06960581818204
4,KNN,iqr_remove,164,55,0.6767349458861629,0.06182317096583871,0.040643796637834906,333.940721477762,109.72497960272189
4,Ridge,iqr_remove,164,55,0.6922800982605544,0.08852258690590413,0.545463985950912,229.86009753781323,73.56221466155473
4,MLP,iqr_remove,164,55,0.4998691827505694,0.21027847699344063,0.3336876399743406,278.30331009431126,102.85598980173219
4,RandomForest,winsorize_1_99,218,55,0.4913622104012495,0.6663919203554828,0.8185908278905223,145.21419034597739,51.43208218181814
4,ExtraTrees,winsorize_1_99,218,55,0.5582873627949622,0.5350843273342696,0.7865252997255946,157.5261443718838,57.21940690909079
4,KNN,winsorize_1_99,218,55,0.6314764543417194,0.2837804764377169,0.7192261630953183,180.65823190669454,53.40807648229129
4,Ridge,winsorize_1_99,218,55,0.5394008120056637,0.6057099999039254,0.8027250310796594,151.43122266343502,56.80371428187862
4,MLP,winsorize_1_99,218,55,0.523301817565493,0.6442487910895742,0.36425408650241753,271.8449225004176,95.85335504107911
5,RandomForest,none,218,55,0.8538160366298332,0.0509087033690957,-0.7207019154368648,204.38022133327783,55.86618109090912
5,ExtraTrees,none,218,55,0.8842633336790637,0.05597821600181541,0.11877159701378392,146.2615889937891,46.46641200000005
5,KNN,none,218,55,0.8270733656357304,0.10772922876701058,0.2122251403085772,138.28883009679086,44.092005615130894
5,Ridge,none,218,55,0.8299107126911673,0.08342458538506227,0.33542115471239664,127.01625406112184,49.4589091000433
5,MLP,none,218,55,0.7140254447080236,0.19547921397670384,0.6662793423439424,90.0072700160985,43.43908019742209
5,RandomForest,iqr_remove,164,55,0.6365736762312396,0.2278623571338757,0.4871747491953632,111.5759888789443,40.740786545454675
5,ExtraTrees,iqr_remove,164,55,0.7453445488214614,0.10532602683993604,0.5450090914439428,105.09629440354716,39.174933454545695
5,KNN,iqr_remove,164,55,0.6357064743658153,0.12205974134974558,0.24230761242401366,135.62273744669773,49.34416328803575
5,Ridge,iqr_remove,164,55,0.6906762503229769,0.18337648780880902,0.6794646899742467,88.21125139003509,39.99587203160474
5,MLP,iqr_remove,164,55,0.7080290453971837,0.16114099821662842,0.5197582174797004,107.97321056168691,47.26432327708781
5,RandomForest,winsorize_1_99,218,55,0.8482452220057107,0.06304594329246532,-0.8133896959450979,209.8126243009326,56.61119163636369
5,ExtraTrees,winsorize_1_99,218,55,0.8934771159212287,0.04539569619263309,-0.21928283534692694,172.04350195337193,51.4678501818182
5,KNN,winsorize_1_99,218,55,0.8215909917848808,0.12568819725752306,0.25764867719019424,134.24273368338325,44.781863483072144
5,Ridge,winsorize_1_99,218,55,0.8653283767479518,0.059223317001351236,0.079649932853881,149.47293705273148,64.77309492507133
5,MLP,winsorize_1_99,218,55,0.7115241512976987,0.21311628666021906,0.6312105765001915,94.61832874427068,42.53232105824282
6,RandomForest,none,218,55,0.8071785764478789,0.040225531597565874,0.8701579564426848,65.0483016445851,25.590468727272697
6,ExtraTrees,none,218,55,0.8508284917156699,0.07506360662042624,0.8207016073509144,76.43926264131855,31.737041818181694
6,KNN,none,218,55,0.7603043542365866,0.07678605722359276,0.8134741060983823,77.96467195731675,29.797351153261864
6,Ridge,none,218,55,0.8072124841443037,0.10037115419719804,0.6676337765325142,104.07267851470205,53.65225052833296
6,MLP,none,218,55,0.6082450000797706,0.19111366664599888,0.691108438908743,100.33011561223879,55.47347181017915
6,RandomForest,iqr_remove,161,55,0.5877548733319521,0.19010355977230997,0.46123074541184417,132.50421485817014,50.27812400000018
6,ExtraTrees,iqr_remove,161,55,0.7049751539610967,0.1145841756377362,0.4842101740643232,129.64765819510487,50.050166181818405
6,KNN,iqr_remove,161,55,0.6281235500294138,0.13818364042726342,0.17736715748979448,163.73115030006556,63.034825700401235
6,Ridge,iqr_remove,161,55,0.5604432445004894,0.16163464632582125,0.6214863952742669,111.06290728816361,44.7167614467618
6,MLP,iqr_remove,161,55,0.5715675581647416,0.1687388658957919,0.3492228913431631,145.62784569421905,63.281958667589485
6,RandomForest,winsorize_1_99,218,55,0.8179204228443838,0.044394633432885994,0.8700616932213562,65.07241016413647,25.48631127272725
6,ExtraTrees,winsorize_1_99,218,55,0.8671028837523158,0.07340368412884417,0.8270730245024488,75.06883287523037,30.507134909090794
6,KNN,winsorize_1_99,218,55,0.7353349291789494,0.059810153754390756,0.7736268059517499,85.88964154326285,35.45055465657082
6,Ridge,winsorize_1_99,218,55,0.8237851199943353,0.09387828468872754,0.7707034103466877,86.44245423083345,47.26214950130568
6,MLP,winsorize_1_99,218,55,0.675768162696522,0.14881136272957438,0.7689461959300641,86.77304793779776,44.3220470833444
7,RandomForest,none,218,55,0.7503269928964412,0.1158922981239522,0.9136966123615612,58.24342227730272,24.500249090909133
7,ExtraTrees,none,218,55,0.7998154002300568,0.1168793038797798,0.8816503090175444,68.20504941696487,29.539800727272745
7,KNN,none,218,55,0.792403932631466,0.13902383126357054,0.9306355623334611,52.21573537026141,25.090353939822513
7,Ridge,none,218,55,0.8067455026620619,0.12007188159335452,0.8550026563515669,75.49409560727848,33.18480346396211
7,MLP,none,218,55,0.6455032321249561,0.2676254837847746,0.8544376527296261,75.64103956090122,31.856584836465455
7,RandomForest,iqr_remove,163,55,0.6284483387011324,0.22633069194016542,0.37160111722022726,157.16312870731622,57.427716000000096
7,ExtraTrees,iqr_remove,163,55,0.7514701633875505,0.12451786530845532,0.38284009374484396,155.75134867587568,56.413132363636514
7,KNN,iqr_remove,163,55,0.6662451151909772,0.09709059855113442,0.1943657627187647,177.95160972068962,67.44653485147882
7,Ridge,iqr_remove,163,55,0.6340941145644691,0.1906651897869961,0.6740062619701381,113.19769737691063,45.13757848666017
7,MLP,iqr_remove,163,55,0.6084330577915144,0.14559822406861767,0.5691919819763225,130.12922777992117,57.69010021354895
7,RandomForest,winsorize_1_99,218,55,0.7438680920914735,0.1285821054329118,0.9110815866974866,59.11923639943565,25.099599636363635
7,ExtraTrees,winsorize_1_99,218,55,0.7841810516651677,0.1219371720004679,0.8746318266551357,70.1983028968165,30.17582690909093
7,KNN,winsorize_1_99,218,55,0.7933559160249714,0.15822196838243496,0.9197019824745769,56.1804709307579,27.110931148695844
7,Ridge,winsorize_1_99,218,55,0.7911019609021359,0.12243457801172902,0.8809365301515358,68.41041598549906,34.46681142110671
7,MLP,winsorize_1_99,218,55,0.7124557305672439,0.22760510360038572,0.8958914621414238,63.96996856895684,32.32273214616188
8,RandomForest,none,218,55,0.8077123211174028,0.13884517853812894,0.7495086971018584,183.70865220974346,68.16111345454533
8,ExtraTrees,none,218,55,0.8124516562867999,0.17222842058517301,0.755392719845394,181.5381788668919,66.60979236363622
8,KNN,none,218,55,0.8031989825966583,0.10733659506934003,0.6853602893143964,205.89227489649656,72.62018973108233
8,Ridge,none,218,55,0.8209862328803629,0.15975608175836223,0.7517651781926875,182.87933622198452,66.27616884280923
8,MLP,none,218,55,0.5371976914597015,0.12792016547918025,0.7638223376224094,178.38268433884838,68.35912993477878
8,RandomForest,iqr_remove,165,55,0.7450508792944032,0.08527984608946265,0.22099813806370816,323.96831192948554,110.53410036363647
8,ExtraTrees,iqr_remove,165,55,0.7165423903114223,0.06886507822757339,0.23656310331671293,320.71543219957016,104.25563854545474
8,KNN,iqr_remove,165,55,0.651091477561262,0.09706125179805825,0.05443215579674332,356.92718967573074,118.97111871650948
8,Ridge,iqr_remove,165,55,0.6497388506414202,0.10189512201670328,0.5804260804600423,237.7593077173026,81.82798098875423
8,MLP,iqr_remove,165,55,0.6162901606244388,0.08764328234549928,0.6055740376048914,230.52393911491637,81.2447231622433
8,RandomForest,winsorize_1_99,218,55,0.7545394923571412,0.23303892711236437,0.7650606549810461,177.91442523256208,69.49699890909078
8,ExtraTrees,winsorize_1_99,218,55,0.7578386844939848,0.24561165242042715,0.8019446633146042,163.3527912161536,62.558640363636194
8,KNN,winsorize_1_99,218,55,0.7917241444565642,0.132283593968566,0.7112295143668964,197.24667305157166,70.123295257465
8,Ridge,winsorize_1_99,218,55,0.7756050251026447,0.18916776297470023,0.7648316575938249,178.00111146955757,70.67638904919446
8,MLP,winsorize_1_99,218,55,0.5931243486157631,0.21488945067458592,0.797694471751769,165.0962315978767,61.060178344178354
9,RandomForest,none,218,55,0.7893757026647032,0.14069261688375426,0.8594133769480952,81.13634034427271,34.44000399999989
9,ExtraTrees,none,218,55,0.8237112873491957,0.09761689443856114,0.8417015575897109,86.09575447420096,36.678972727272516
9,KNN,none,218,55,0.8058558591300298,0.15319449308519784,0.8511745783183843,83.47991078560877,35.07834212360639
9,Ridge,none,218,55,0.8390148761986149,0.13364003706818606,0.8545090081570912,82.53943043079599,43.19863473031922
9,MLP,none,218,55,0.6465484219778798,0.29834934771155985,0.08863176228399938,206.58099258459532,97.1803706019655
9,RandomForest,iqr_remove,168,55,0.6488635989884912,0.13270652380632125,0.41317926523088466,165.76626065960096,66.31721709090935
9,ExtraTrees,iqr_remove,168,55,0.7002177503664615,0.0581881682553298,0.4773941746117345,156.43377966071566,63.95981490909127
9,KNN,iqr_remove,168,55,0.703868953338471,0.08092752163185524,0.20017361254995325,193.52687302526155,84.22346667572778
9,Ridge,iqr_remove,168,55,0.6658235062106823,0.0919459104428889,0.7727592006199346,103.15411788275378,46.1186208093459
9,MLP,iqr_remove,168,55,0.5832587426814746,0.05847186195187295,0.7966660585043424,97.57720072725506,41.83886056237524
9,RandomForest,winsorize_1_99,218,55,0.7926683871376149,0.14536173669171257,0.8585792526546979,81.3766822126454,34.54587090909079
9,ExtraTrees,winsorize_1_99,218,55,0.8350276636794801,0.10914202072567523,0.8460180052982871,84.91382140222274,35.49113527272705
9,KNN,winsorize_1_99,218,55,0.7746253315384821,0.1673380419772589,0.8456215203133415,85.0230725227027,36.94757941014164
9,Ridge,winsorize_1_99,218,55,0.8355263761113202,0.14325762639344836,0.8064171591161351,95.20874595512645,52.469225128690596
9,MLP,winsorize_1_99,218,55,0.6196635156457913,0.2592459309759672,0.10719316533621714,204.46650263121032,96.71965936900109
10,RandomForest,none,218,55,0.5537999187018571,0.5253702345090462,0.9025180753032744,87.49840845245167,45.11942800000016
10,ExtraTrees,none,218,55,0.6956381644154174,0.29998106304993993,0.8738882651911852,99.52125770593001,49.92025636363639
10,KNN,none,218,55,0.6879264143410811,0.2665680894812481,0.9200368015604409,79.24706459027381,41.65579982344091
10,Ridge,none,218,55,0.6797450257466505,0.2815499549485014,0.9229519916306774,77.78911209138101,45.5789482189984
10,MLP,none,218,55,0.5851568058292929,0.29486990296193044,0.9139374413552044,82.21389662670771,44.72821222357712
10,RandomForest,iqr_remove,166,55,0.7983405450351898,0.06453884976108769,0.09307674468630411,266.8845142470536,87.17797381818171
10,ExtraTrees,iqr_remove,166,55,0.8299484652645056,0.0584988499715081,0.093050630907899,266.88835653076177,88.71370218181814
10,KNN,iqr_remove,166,55,0.7334411690825706,0.08624903444303135,0.02435373660759954,276.81160830216936,94.20531487202294
10,Ridge,iqr_remove,166,55,0.7333241590718285,0.0803331429290623,0.7654706700619724,135.717761294728,55.743459465538876
10,MLP,iqr_remove,166,55,0.6806543190204964,0.08269235949809517,0.8313407240263697,115.09149240676565,48.60685522560632
10,RandomForest,winsorize_1_99,218,55,0.5299065385119356,0.5922245900763538,0.9129637707879147,82.67765296083816,43.30038727272741
10,ExtraTrees,winsorize_1_99,218,55,0.6183691422103885,0.47125231833865205,0.8801481816104202,97.01980995828576,47.229397454545456
10,KNN,winsorize_1_99,218,55,0.6785745740711596,0.2552168571269905,0.9547566410750834,59.60950642815124,33.16284514952399
10,Ridge,winsorize_1_99,218,55,0.6311921344747738,0.355652178087126,0.9097582717264899,84.18637468446464,49.832884987877115
10,MLP,winsorize_1_99,218,55,0.5823965106617595,0.2908598383885312,0.9149763216379357,81.71617893727439,47.434214398822796
11,RandomForest,none,218,55,0.7377570709940916,0.10497812901134317,0.9198946267520443,25.939390611808268,15.144617090909097
11,ExtraTrees,none,218,55,0.8002816046713039,0.04764315060587957,0.9156661533813915,26.615210158069427,15.382795636363666
11,KNN,none,218,55,0.776855334210173,0.08051674853728044,0.8744919671699258,32.46868548061977,18.82528165682344
11,Ridge,none,218,55,0.8102857937038358,0.07700439433999812,0.8610895121072303,34.1583168940458,22.143559493912562
11,MLP,none,218,55,0.7986549632734242,0.06604588216510425,0.6679834771390396,52.809103323031195,27.601595639470233
11,RandomForest,iqr_remove,163,55,0.614000213770386,0.12642906089719655,0.7284747234357922,47.75667448593256,18.93892072727277
11,ExtraTrees,iqr_remove,163,55,0.7499712042886124,0.04796939444957595,0.7502538212473221,45.80135968694378,19.532886545454623
11,KNN,iqr_remove,163,55,0.6790566376390437,0.09841763960001278,0.5369272487930632,62.36681390730409,26.749686371590332
11,Ridge,iqr_remove,163,55,0.6386771059992429,0.131707009578382,0.8981574259889976,29.247828572826872,17.480180377101718
11,MLP,iqr_remove,163,55,0.5450578809722985,0.3520452834854518,0.6347375000695266,55.39001573387248,29.06713572655184
11,RandomForest,winsorize_1_99,218,55,0.7426135545150031,0.11734235304070918,0.9196840564329816,25.97346124127226,15.131990545454558
11,ExtraTrees,winsorize_1_99,218,55,0.7906180596479253,0.07789260063085818,0.9122976433965388,27.141545675255507,15.599210909090923
11,KNN,winsorize_1_99,218,55,0.7781200345082034,0.10124012246542899,0.8690701583560261,33.162576606341155,18.811774601408366
11,Ridge,winsorize_1_99,218,55,0.8129310140204504,0.09047466674708216,0.7581747835579067,45.06918840729425,25.901472204515553
11,MLP,winsorize_1_99,218,55,0.7931529682382423,0.10672990250532848,0.5933909888031779,58.440973873025634,29.840969286284686
12,RandomForest,none,218,55,0.8471392902414226,0.11339991435592797,0.6308672548453229,195.1363745284053,66.55937127272732
12,ExtraTrees,none,218,55,0.8621430128981851,0.12458477088620253,0.610143513510012,200.53922299956517,65.46162654545464
12,KNN,none,218,55,0.8374671114570731,0.07113214696114045,0.537653874512102,218.38889805558264,70.1167947986474
12,Ridge,none,218,55,0.886636197916264,0.09024323383382302,0.5484619337678995,215.8212134595662,79.35348644969436
12,MLP,none,218,55,0.5840993028656895,0.1935362941014677,0.6427727698825856,191.96374933223316,69.41520656462154
12,RandomForest,iqr_remove,168,55,0.6740848919115839,0.2402726228373493,0.2623338272123904,275.8524718316373,88.673426909091
12,ExtraTrees,iqr_remove,168,55,0.7648983122535657,0.12561033223685206,0.26255791819911356,275.8105689016437,85.91662072727294
12,KNN,iqr_remove,168,55,0.6717454909833483,0.16451145663012595,0.048129948131181766,313.35438552809205,102.49155629189623
12,Ridge,iqr_remove,168,55,0.5172686914575891,0.5130301835412447,0.3903825857185328,250.7700277092438,87.03880465108261
12,MLP,iqr_remove,168,55,0.46106133040419034,0.3460029852702492,0.4887502478190998,229.64844069718905,73.40751662458618
12,RandomForest,winsorize_1_99,218,55,0.8532683502960893,0.115217670580037,0.6577767548855364,187.88914850694258,65.2571214545455
12,ExtraTrees,winsorize_1_99,218,55,0.8715294693528408,0.11745537142158789,0.588533772470945,206.02221073750624,67.40333345454557
12,KNN,winsorize_1_99,218,55,0.8744112384891757,0.07279707506009937,0.5444911360694974,216.76809548135537,70.22091264241415
12,Ridge,winsorize_1_99,218,55,0.866719572314369,0.08659958320931489,0.6030692212590244,202.35052419233793,80.90693640118118
12,MLP,winsorize_1_99,218,55,0.5628573124789013,0.18693194208764288,0.6938031259540927,177.72450856698256,70.31669067776284
13,RandomForest,none,218,55,0.723690538573386,0.13597991795940714,0.8196941878823765,86.90332816420798,34.50165272727264
13,ExtraTrees,none,218,55,0.7839047925926863,0.09865927828560415,0.8489051643560992,79.55296233262085,33.319203272727215
13,KNN,none,218,55,0.783658862593995,0.16933823335329273,0.7786419474508853,96.28956141964856,36.39978574991739
13,Ridge,none,218,55,0.8207516032360497,0.1452101180946669,0.7358354746861852,105.18862878449384,44.0603009501044
13,MLP,none,218,55,0.8321190615742932,0.11094365387190205,0.5743037824168203,133.53079713431285,60.283404479814244
13,RandomForest,iqr_remove,165,55,0.7013265488285689,0.13517884845028522,0.38103648944192214,161.0141595338303,47.99941418181834
13,ExtraTrees,iqr_remove,165,55,0.8046024384242589,0.11133713540966192,0.40655562730806494,157.660011506571,47.415513090909286
13,KNN,iqr_remove,165,55,0.6979816571892166,0.06416208334435138,0.1726048559439457,186.16071134087278,58.5279477554829
13,Ridge,iqr_remove,165,55,0.6896358485937508,0.12334047615986496,0.5637819096176311,135.1709549611779,47.13945444903989
13,MLP,iqr_remove,165,55,0.6263274550034179,0.20322117213523724,0.3767046888601616,161.57660396187057,61.364382901336384
13,RandomForest,winsorize_1_99,218,55,0.7028542121181605,0.16069840772171992,0.8222831627387464,86.27715857951014,34.046937090909005
13,ExtraTrees,winsorize_1_99,218,55,0.773097876726298,0.11800412391264425,0.8506244437251553,79.09905841038719,33.625760727272656
13,KNN,winsorize_1_99,218,55,0.7930369103107967,0.15088235818815451,0.7442456439556574,103.50064723113434,39.48181509023462
13,Ridge,winsorize_1_99,218,55,0.7746774511757399,0.12667214876142038,0.7846050733875081,94.98374323590834,42.82579995053016
13,MLP,winsorize_1_99,218,55,0.8101963927437437,0.11279023275734663,0.5645278246631726,135.0553371197325,59.86765178392978
14,RandomForest,none,218,55,0.04682837856192388,1.4855908307955252,0.8305275004752072,103.74346137689489,36.58214618181815
14,ExtraTrees,none,218,55,0.328760644205593,1.0658746679877777,0.8203945492735388,106.79990661139125,35.081611636363625
14,KNN,none,218,55,0.5410608346081875,0.568270845098176,0.8100778671932032,109.82441686588813,31.38584917397277
14,Ridge,none,218,55,0.09102903441730315,1.4729910726364304,0.9277056534581448,67.75842224421632,39.138827281438424
14,MLP,none,218,55,0.3858643382915174,0.6872756793508256,0.09943672344585619,239.14881497596855,79.55161675970487
14,RandomForest,iqr_remove,163,55,0.6723038612223144,0.13161016121696065,0.2147835116321004,223.30879182532846,60.26449781818189
14,ExtraTrees,iqr_remove,163,55,0.6820910987804408,0.13621944511722137,0.25316159365392155,217.78323187193885,55.199897090909154
14,KNN,iqr_remove,163,55,0.5900304660304398,0.17541043863144234,0.1594743404099377,231.03969612135268,63.76727786446473
14,Ridge,iqr_remove,163,55,0.7229623671266256,0.08540826987799975,0.8741261198802983,89.40852422308954,36.99051403118624
14,MLP,iqr_remove,163,55,0.6591747989024338,0.12491055392801728,0.8886057264371334,84.10901547622652,35.32505270698358
14,RandomForest,winsorize_1_99,218,55,-0.07610584563557965,1.7506018792579898,0.8640405859025407,92.92140306435024,34.801568363636356
14,ExtraTrees,winsorize_1_99,218,55,-0.10336662766903144,1.9181973280381197,0.8961665338329485,81.20444314430338,30.405593454545425
14,KNN,winsorize_1_99,218,55,0.5612914954860649,0.5435028023689427,0.8772119127353566,88.3058008859236,33.01829325923165
14,Ridge,winsorize_1_99,218,55,0.177872709930552,1.3078135149298502,0.9405133582607346,61.46400317056998,38.97606229388184
14,MLP,winsorize_1_99,218,55,0.32204551549844584,0.8348029492219865,0.13640399859148333,234.18896542305043,77.15178029822046
15,RandomForest,none,218,55,0.6873527800378377,0.372857360631823,0.7686054200685108,132.05957754299308,43.76009963636373
15,ExtraTrees,none,218,55,0.768337202964366,0.2512292828698506,0.7262395891177296,143.64107100786316,46.594238909091
15,KNN,none,218,55,0.7166325964667231,0.2569013117952924,0.620837345611403,169.04646367864964,52.91829926630407
15,Ridge,none,218,55,0.7691028282991843,0.24517424622609563,0.6515095830784756,162.06481306765824,53.98342591984041
15,MLP,none,218,55,0.734085432297778,0.16977612569667344,0.6672848206351885,158.35421223082795,56.63558277193709
15,RandomForest,iqr_remove,162,55,0.7751833982802424,0.07323097540914589,0.1502949255889625,253.06228115577366,78.3421789090909
15,ExtraTrees,iqr_remove,162,55,0.7880578435071315,0.09102783411278927,0.16666698691200266,250.6124291901666,77.87008363636365
15,KNN,iqr_remove,162,55,0.7005112999398283,0.11980378094762968,0.06037026832553616,266.11642942077566,83.62503833781851
15,Ridge,iqr_remove,162,55,0.7377400852710173,0.13445248520864192,0.36333821417583134,219.05224282075645,74.36968488533574
15,MLP,iqr_remove,162,55,0.5746871715957763,0.15184103164375515,0.45266439754637666,203.10478813483664,75.18715989736089
15,RandomForest,winsorize_1_99,218,55,0.6366486418579241,0.5189386259495652,0.7860958797460069,126.97051691411555,42.38206400000009
15,ExtraTrees,winsorize_1_99,218,55,0.7694031761573941,0.27960516247649053,0.7285358558097581,143.0373811208597,46.67286109090917
15,KNN,winsorize_1_99,218,55,0.7248000979409623,0.2931222152539054,0.598793150895535,173.89115087071195,54.044669703558135
15,Ridge,winsorize_1_99,218,55,0.6653181416855194,0.4082113079142888,0.7032925690018748,149.5400509450279,51.6099106198256
15,MLP,winsorize_1_99,218,55,0.7088957767345904,0.1743528064321384,0.7221178404771861,144.71836431616697,49.621585378638734
16,RandomForest,none,218,55,0.6172076796170043,0.35472441451857056,0.8505843066808633,148.299434584345,54.522185818181796
16,ExtraTrees,none,218,55,0.7806832098659887,0.15686883799203644,0.8185990782423248,163.4034165393196,58.161578545454645
16,KNN,none,218,55,0.6473203711990362,0.20892792662659435,0.7716286912282765,183.34208183617977,61.899973086921385
16,Ridge,none,218,55,0.7720625611152414,0.1933773227110479,0.8190874172756996,163.18332382463734,61.086096512797376
16,MLP,none,218,55,0.5720724299090841,0.2735814574670451,0.8745094373141475,135.90859453385366,51.151683048645175
16,RandomForest,iqr_remove,165,55,0.7392536787881948,0.07640313319489193,0.07770923868050406,368.4472481056519,125.52082545454545
16,ExtraTrees,iqr_remove,165,55,0.7453564082085627,0.06964030974522631,0.12074800628776083,359.7477355301898,120.98488400000011
16,KNN,iqr_remove,165,55,0.7173494721643378,0.03782138744767136,0.020739746202044107,379.6561609616405,129.03300431932826
16,Ridge,iqr_remove,165,55,0.7685545306772547,0.0684211711320234,0.6593276767491546,223.92872851536964,65.44426721918391
16,MLP,iqr_remove,165,55,0.6187876180790058,0.16182178075348075,0.6974750962540388,211.01919101272003,61.52746822957911
16,RandomForest,winsorize_1_99,218,55,0.5722539943784621,0.4079104270538969,0.83792687680633,154.4531921979052,60.10516436363641
16,ExtraTrees,winsorize_1_99,218,55,0.6823462776554002,0.2909197376228809,0.8457131930807196,150.69740837079655,53.63246218181817
16,KNN,winsorize_1_99,218,55,0.6850169654311603,0.11230276323845927,0.7403449201502326,195.4968660591609,65.84774643508332
16,Ridge,winsorize_1_99,218,55,0.6859149233517013,0.2388246681775613,0.7895031088263077,176.02089751505633,76.29897904596682
16,MLP,winsorize_1_99,218,55,0.43543172438326944,0.1951750976288337,0.8326281133147253,156.95770642842362,59.05641073548007
17,RandomForest,none,218,55,-0.4893234084162302,2.621122948001795,0.7981111963591089,73.03446322259553,35.11863127272721
17,ExtraTrees,none,218,55,0.1783594894538008,1.411622365855742,0.7210869457412474,85.84324874874662,38.75209127272726
17,KNN,none,218,55,0.2790082121022879,1.12030008047329,0.8059395727048723,71.60448344932304,31.87938116872842
17,Ridge,none,218,55,0.27404412550252644,1.1337215574314359,0.7789282253214331,76.42551488074517,43.54441016346807
17,MLP,none,218,55,0.5826888224081045,0.4741224574438244,0.7624242462251823,79.22692175585581,44.610394106873485
17,RandomForest,iqr_remove,164,55,0.7306643347681301,0.09622094191286716,0.24284412233455344,141.43743557715453,55.19756909090911
17,ExtraTrees,iqr_remove,164,55,0.7190468569169833,0.08160035292363263,0.22371142312213776,143.2132901481767,55.75366836363639
17,KNN,iqr_remove,164,55,0.734919921550069,0.08581693215944732,0.16817319586640123,148.24777358694467,57.73653630956006
17,Ridge,iqr_remove,164,55,0.7346127901892358,0.07135251000815965,0.5562844853189808,108.2739626619599,47.894132248380494
17,MLP,iqr_remove,164,55,0.6490992775022019,0.15031994060451515,0.6203577715110521,100.1518512692333,47.27931591427822
17,RandomForest,winsorize_1_99,218,55,-0.597422498005342,2.8663082338180077,0.793395097211798,73.88257716873017,35.41321781818176
17,ExtraTrees,winsorize_1_99,218,55,-0.20806988235084542,2.2216440192089606,0.6962911272666198,89.57781490536762,39.10057127272725
17,KNN,winsorize_1_99,218,55,0.1786474983494421,1.333794920519124,0.8021645423966203,72.29758497562094,32.47910320828294
17,Ridge,winsorize_1_99,218,55,-0.08216274815235965,1.8602988989102038,0.8438657657496881,64.22746679426731,36.354440989443994
17,MLP,winsorize_1_99,218,55,0.6093844291933221,0.36694625955783144,0.8369506008316131,65.63437073814102,36.329017265572304
18,RandomForest,none,218,55,0.8017750536439572,0.17722869869966157,0.6718384027149102,179.75499787502457,65.57293927272725
18,ExtraTrees,none,218,55,0.8555900060450167,0.10546167751552113,0.7058511211016123,170.18477098094172,62.28742909090904
18,KNN,none,218,55,0.8285411344446993,0.0506190761418334,0.6489482293485646,185.9185312280734,60.28625090901718
18,Ridge,none,218,55,0.8570677802256723,0.09109105988139914,0.6451573012530457,186.91968161853572,68.80497194149132
18,MLP,none,218,55,0.5030603580477673,0.41400526412902533,0.6566215265451205,183.87539919781523,69.0817598709372
18,RandomForest,iqr_remove,168,55,0.6487565800509881,0.11556119288250578,0.23175923309316837,275.0336107883253,83.14347200000019
18,ExtraTrees,iqr_remove,168,55,0.7316796344318661,0.06226688081557719,0.24924259147688688,271.88603987040557,82.23320181818204
18,KNN,iqr_remove,168,55,0.6909601020369823,0.06451973331155345,0.07965420457612504,301.0319640467432,97.09470226720694
18,Ridge,iqr_remove,168,55,0.7421355336753492,0.042195712676321266,0.4928156941818712,223.4703962175227,73.5304614708068
18,MLP,iqr_remove,168,55,0.7347127808165429,0.039986580344472535,0.545568288479594,211.52972794616934,81.45784807603407
18,RandomForest,winsorize_1_99,218,55,0.8175473364183368,0.18366381880207142,0.6379033004962036,188.82060244493871,69.02896181818184
18,ExtraTrees,winsorize_1_99,218,55,0.8801000972549948,0.10533327586741167,0.6914297316341513,174.30672170737472,65.8304534545454
18,KNN,winsorize_1_99,218,55,0.7805745917864689,0.14763695170162403,0.6416458118704964,187.84227440408793,61.998677166256925
18,Ridge,winsorize_1_99,218,55,0.8818308592211478,0.10085566870337018,0.6426786566905456,187.57138051871428,83.37099467436596
18,MLP,winsorize_1_99,218,55,0.4931280900455134,0.3938247926876725,0.6653268515992548,181.52963334807896,76.75562735970674
19,RandomForest,none,218,55,0.6809316003729965,0.27183562747758433,0.7510801453812124,189.78466478781044,57.792087999999964
19,ExtraTrees,none,218,55,0.8018570972121516,0.16493027644139863,0.7682573436333492,183.11939219851394,50.96121636363633
19,KNN,none,218,55,0.741649492477647,0.12985633993293572,0.6822681024726985,214.41825436811982,73.98420169718042
19,Ridge,none,218,55,0.8244893716346896,0.1369922443172071,0.7257512786909346,199.20656804384032,70.73652659533896
19,MLP,none,218,55,0.6994282644416032,0.2493623027176307,0.7606947191397575,186.08333847867686,57.87216503269066
19,RandomForest,iqr_remove,165,55,0.5663784883254924,0.205066714085064,0.18777754482403608,342.8221259784038,111.03338690909106
19,ExtraTrees,iqr_remove,165,55,0.6979781423010889,0.06778158067231906,0.21415634109759574,337.20920735923784,109.19469600000028
19,KNN,iqr_remove,165,55,0.6907437903514131,0.12261106736898068,0.04512818573622046,371.7096917855387,126.74265325469925
19,Ridge,iqr_remove,165,55,0.6264648179238138,0.21684923784717194,0.571108389426891,249.1180084944479,88.78659691031366
19,MLP,iqr_remove,165,55,0.6157484727295844,0.18122270034309204,0.6155689763449365,235.85254222477624,89.57944675780382
19,RandomForest,winsorize_1_99,218,55,0.7081351126641714,0.2893987544135151,0.7999765454352341,170.12643818655746,50.08751818181805
19,ExtraTrees,winsorize_1_99,218,55,0.7833469691697227,0.22044714577350533,0.7823482470048652,177.46488519769022,47.4334905454544
19,KNN,winsorize_1_99,218,55,0.7555078194599882,0.11805979838975506,0.7044870309786687,206.78528006535325,68.21283448891201
19,Ridge,winsorize_1_99,218,55,0.7882133548103142,0.12138622129946769,0.7542499049215351,188.57242891286725,69.62781837848773
19,MLP,winsorize_1_99,218,55,0.6821054519257908,0.2356536804873591,0.5601436207307438,252.28230787706744,102.78118711227206
20,RandomForest,none,218,55,0.5572000609971317,0.4703190535197946,0.8958962570312258,88.84496696255361,30.678484000000015
20,ExtraTrees,none,218,55,0.7347181637037922,0.25788861083215636,0.9529145769246293,59.75068609077774,24.441154545454538
20,KNN,none,218,55,0.675487820078669,0.20838394322768333,0.9176400750008968,79.02374896143634,28.388925051893718
20,Ridge,none,218,55,0.721871047658875,0.2310199962596369,0.9638438280528069,52.35894407025081,30.593780453256123
20,MLP,none,218,55,0.6512735981487054,0.27455178535873875,0.7900744685201502,126.1630816921551,52.14871926418669
20,RandomForest,iqr_remove,159,55,0.4709737504569757,0.5214972859904947,0.23778011060983162,240.40295214070093,62.120316000000074
20,ExtraTrees,iqr_remove,159,55,0.6128495279587118,0.25627120707816076,0.25470599853579623,237.71876801588428,56.878891636363754
20,KNN,iqr_remove,159,55,0.6311838045472518,0.10425204552979968,0.07501053190450202,264.8305313565984,67.25484594173072
20,Ridge,iqr_remove,159,55,0.6280751525341577,0.25595264022564834,0.8560586239138498,104.47021369727184,42.96558548398611
20,MLP,iqr_remove,159,55,0.5548517868081898,0.19021418415264602,0.8995938691937623,87.2528805903024,33.39562362482941
20,RandomForest,winsorize_1_99,218,55,0.5554045378692136,0.4891788962664736,0.8952412994619595,89.1240080670391,30.698367272727268
20,ExtraTrees,winsorize_1_99,218,55,0.6647796913120245,0.3896866877226348,0.9642966998929351,52.03000146934159,22.78116509090909
20,KNN,winsorize_1_99,218,55,0.6718090450306837,0.21073887978660788,0.9171671186088945,79.2503232572013,30.791506340949656
20,Ridge,winsorize_1_99,218,55,0.7100731131162983,0.2820864467362976,0.9451087965864094,64.51356388650501,31.582138396947784
20,MLP,winsorize_1_99,218,55,0.634327871345387,0.2771350131752227,0.841489736424297,109.62973189285536,48.4297017430233
21,RandomForest,none,218,55,0.6567239765447099,0.33519489250950507,0.8289953795833522,60.98760564555351,30.74694472727282
21,ExtraTrees,none,218,55,0.7073839958163275,0.21767609161243703,0.7625651863898983,71.86374731220216,31.304632727272814
21,KNN,none,218,55,0.7592587986676046,0.1986259516896051,0.9062888885327135,45.14744789416629,25.445152310025602
21,Ridge,none,218,55,0.7780369197926468,0.17755472386333446,0.8543045417979721,56.293813218453074,35.8587634365367
21,MLP,none,218,55,0.7581033981751683,0.1299508394911676,0.8528329176495888,56.57740198708978,32.754816829962095
21,RandomForest,iqr_remove,164,55,0.3536208842114634,0.5899714468518749,0.4315558284873465,111.19405542095969,42.74418545454556
21,ExtraTrees,iqr_remove,164,55,0.5814415994938384,0.2981808246905898,0.3938608367564036,114.82166324887987,43.286605090909305
21,KNN,iqr_remove,164,55,0.6395431301896324,0.06267384648487116,0.277189083090269,125.38627851130164,52.11244318481573
21,Ridge,iqr_remove,164,55,0.48229456549554434,0.43690190456103084,0.6783048216925434,83.6488427003801,37.47239832270239
21,MLP,iqr_remove,164,55,0.5559274664879956,0.21762452492111387,0.6028489385140976,92.94275139845104,39.83167475130776
21,RandomForest,winsorize_1_99,218,55,0.6523984372108306,0.36981418969454055,0.8334951874312204,60.17984382038778,30.251642909091
21,ExtraTrees,winsorize_1_99,218,55,0.66553159781038,0.30374475656506567,0.7974953927272298,66.36744754509259,28.873583272727323
21,KNN,winsorize_1_99,218,55,0.7711437479392146,0.19351941371218612,0.8584545980447555,55.486271682197426,28.165315299104748
21,Ridge,winsorize_1_99,218,55,0.7344384933450943,0.24999796319504242,0.8404371860542481,58.91196439067716,35.19581834403394
21,MLP,winsorize_1_99,218,55,0.7359874121687182,0.2003724402959307,0.844353532703526,58.18449843915507,32.56759581337777
22,RandomForest,none,218,55,-0.6841263882787831,2.9925754720454303,0.8283867231473023,110.52287444562023,39.673785090909085
22,ExtraTrees,none,218,55,-0.12205662216234173,1.9427594603923768,0.8379177762723549,107.40992730020287,39.054247272727316
22,KNN,none,218,55,0.047937903022910254,1.5165617339091546,0.7657800051000456,129.11857161680646,51.07588366480909
22,Ridge,none,218,55,0.02675041569348169,1.5735840028255046,0.899140386344202,84.72964358009463,46.73130172684775
22,MLP,none,218,55,0.5266827552475444,0.2023349131465174,0.6186830188704133,164.74786774686643,68.74815947668814
22,RandomForest,iqr_remove,164,55,0.7341557300174721,0.14909590120684896,0.14211043956705982,247.11119499020703,78.76354109090903
22,ExtraTrees,iqr_remove,164,55,0.7959384529853519,0.10624563459025088,0.15981790732056755,244.54761963037654,79.1014818181818
22,KNN,iqr_remove,164,55,0.7176674300070599,0.12443074687689104,0.09657539513354063,253.58448963389097,84.6502004671202
22,Ridge,iqr_remove,164,55,0.7383499259327966,0.029189777696420775,0.7215598702296482,140.7805453257245,58.440630549860735
22,MLP,iqr_remove,164,55,0.7165661982933493,0.0852883905163488,0.6406426436392016,159.9337053958353,67.5782411048826
22,RandomForest,winsorize_1_99,218,55,-1.0435247744786458,3.753079354529633,0.8564905162375931,101.06878165732628,38.47943963636362
22,ExtraTrees,winsorize_1_99,218,55,-0.8584070758836699,3.4226897522393616,0.8916601653554471,87.8154262288787,35.482450909090936
22,KNN,winsorize_1_99,218,55,0.05781979250871929,1.4963844382918665,0.8129666908114147,115.38150736445147,50.62022182050713
22,Ridge,winsorize_1_99,218,55,-0.38312573704483305,2.4385884273210867,0.9228796419891475,74.0902820196104,45.99188559605626
22,MLP,winsorize_1_99,218,55,0.5520171676721051,0.19589908411059814,0.5080313829316307,187.13086680865823,76.37381534036096
23,RandomForest,none,218,55,0.705635545473876,0.054890886895324495,0.9050934131975562,46.96401972693056,23.757565090909104
23,ExtraTrees,none,218,55,0.7432146409129254,0.0842716206232599,0.8466850048747703,59.69107511267378,24.20661272727274
23,KNN,none,218,55,0.7343401054192645,0.1275196187718044,0.8754266419325114,53.805871516108226,30.654160055198922
23,Ridge,none,218,55,0.796542108501028,0.12169885724698631,0.8924312260502316,49.99887052321651,34.7363644211572
23,MLP,none,218,55,0.6794375440011436,0.12621499312553094,0.28511740513245387,128.89451780177797,61.166890767483274
23,RandomForest,iqr_remove,164,55,0.6362889730120631,0.04044926870297518,0.4288562340818979,115.20990136003248,44.547884363636406
23,ExtraTrees,iqr_remove,164,55,0.6877126169015801,0.08607967563007346,0.44759622694588197,113.30404184167223,39.859760000000165
23,KNN,iqr_remove,164,55,0.6499199778233228,0.09581238811261354,0.20669349182231933,135.78055921445525,55.81708126263328
23,Ridge,iqr_remove,164,55,0.6733758881235515,0.04634864582670758,0.5340194131055845,104.06411529542183,42.28764929032097
23,MLP,iqr_remove,164,55,0.5541455488647637,0.09287491103121058,0.8376343233172485,61.42769196944381,28.73280943293187
23,RandomForest,winsorize_1_99,218,55,0.7062948183983448,0.05696959949577181,0.9046893952046532,47.0638766444225,24.299407636363657
23,ExtraTrees,winsorize_1_99,218,55,0.7373343190828964,0.07413299543556474,0.8728571494459199,54.3579483258551,23.03415600000006
23,KNN,winsorize_1_99,218,55,0.7226514953918055,0.1344209808081647,0.8917147947856437,50.16509584600644,29.49224445791406
23,Ridge,winsorize_1_99,218,55,0.7880342805482116,0.11979490738087196,0.8911339924021274,50.299449578230735,34.111783817927446
23,MLP,winsorize_1_99,218,55,0.6971204483827371,0.1038124926181989,0.38360987948750114,119.6864316405417,56.935559735748264
24,RandomForest,none,218,55,0.7888553590593806,0.13302114845115243,0.18858440371208662,196.5868714326806,58.449314909090866
24,ExtraTrees,none,218,55,0.8238661105340078,0.11827958143331044,0.4945680085964068,155.15443682093047,52.54852836363627
24,KNN,none,218,55,0.7839339990595457,0.12009351214578046,0.5771028194430967,141.92216594315053,54.3806418090934
24,Ridge,none,218,55,0.7666283677828518,0.08702473612379949,0.5951168942843402,138.8665555777442,58.27007643715685
24,MLP,none,218,55,0.8484884283770462,0.08607442595921269,0.6533320623344324,128.4960193841908,65.4516311219986
24,RandomForest,iqr_remove,165,55,0.7866400622375138,0.06079337462049005,0.19450873785082257,195.86789341841342,74.33615163636362
24,ExtraTrees,iqr_remove,165,55,0.7987961423282796,0.0726023132833141,0.2133887009865898,193.55880217813896,74.25551418181819
24,KNN,iqr_remove,165,55,0.7050368374218678,0.06770872843561719,0.11294265186478458,205.54583666506983,80.4051388403043
24,Ridge,iqr_remove,165,55,0.7118454636200194,0.08823735719573418,0.5794702570672098,141.52435833879068,59.696853276680685
24,MLP,iqr_remove,165,55,0.5853278360149788,0.21087826224116418,0.6111163918534834,136.09515182871115,59.69789030294319
24,RandomForest,winsorize_1_99,218,55,0.7918836273877055,0.14657209465136178,0.1678693817591832,199.08043761751597,58.8494901818182
24,ExtraTrees,winsorize_1_99,218,55,0.7981644024239467,0.1440259757850041,0.2810406528388365,185.0482587293885,56.93393709090903
24,KNN,winsorize_1_99,218,55,0.7577407574982471,0.1546242315298566,0.585264356115741,140.54600862375767,56.95241593229095
24,Ridge,winsorize_1_99,218,55,0.7964705462306426,0.11090151480318547,0.5018066142656242,154.03939857648555,70.13054883464385
24,MLP,winsorize_1_99,218,55,0.8455688094392737,0.0851752836306185,0.5404332079862436,147.94733798660613,73.68688140893009
25,RandomForest,none,218,55,0.5731547444396844,0.4676719693499212,0.9301039385288503,36.5016492413536,19.45018981818178
25,ExtraTrees,none,218,55,0.7166424624922844,0.2548019449059732,0.8727207486009805,49.25665790025705,21.723220000000012
25,KNN,none,218,55,0.7633354207018961,0.13737132090474027,0.8253547152022664,57.69850593307778,26.065138757208768
25,Ridge,none,218,55,0.7379205040558349,0.23362685245495646,0.8437150108573693,54.581412263858255,32.536706259615144
25,MLP,none,218,55,0.6721649470221566,0.19581842476279182,0.8367170645125244,55.79002228618654,28.88036501454304
25,RandomForest,iqr_remove,165,55,0.6629552688101222,0.1499824265509121,0.5670026586360084,90.85079877149819,38.92261018181824
25,ExtraTrees,iqr_remove,165,55,0.6749970267433703,0.0584341124168187,0.6108606850787853,86.12687508838856,38.34923490909103
25,KNN,iqr_remove,165,55,0.6852868649282692,0.0631813817718429,0.26986612304148105,117.9742934061991,51.493048848195265
25,Ridge,iqr_remove,165,55,0.6929392720951111,0.09258801468781454,0.5662434894371771,90.9304077164442,35.93225058410881
25,MLP,iqr_remove,165,55,0.6631392048725189,0.09401019997365133,0.8075274827143633,60.571802598071464,33.588618978019824
25,RandomForest,winsorize_1_99,218,55,0.5626061594398142,0.5209994473242046,0.9297422432413872,36.595970998408745,19.427943636363604
25,ExtraTrees,winsorize_1_99,218,55,0.6885595422601701,0.34406205724354166,0.8897491921423563,45.843421695372584,21.212347636363653
25,KNN,winsorize_1_99,218,55,0.8028213775107936,0.11090754902728119,0.8000154276558691,61.74252439055496,29.50412039589257
25,Ridge,winsorize_1_99,218,55,0.7080267714304103,0.3328960932332941,0.856379651868673,52.3231790184388,31.849374067750276
25,MLP,winsorize_1_99,218,55,0.6396362126348466,0.2828391591625656,0.8476668433690945,53.8869193160079,26.357500672529195
26,RandomForest,none,218,55,0.5121952069573128,0.5872267573575916,0.8976132425852418,88.9127734793537,34.116785818181796
26,ExtraTrees,none,218,55,0.5205469269180222,0.7340412488198079,0.8969279330792507,89.20983898499429,34.41606836363627
26,KNN,none,218,55,0.7415640605828411,0.16398311820137337,0.8050387368935991,122.69205140177984,43.600738685435935
26,Ridge,none,218,55,0.7446639344960861,0.17538669701658055,0.9142956339507025,81.34741117298346,42.49353672256217
26,MLP,none,218,55,0.5528819185485643,0.11923450945187772,0.30839271066836693,231.08515330046967,85.1754785714886
26,RandomForest,iqr_remove,166,55,0.7192386747355813,0.07638979514042947,0.30268401509061515,232.03690999200123,72.07603127272729
26,ExtraTrees,iqr_remove,166,55,0.7643584735798753,0.10344770294107572,0.31107272727021107,230.63698481724535,67.62342690909112
26,KNN,iqr_remove,166,55,0.7127509531038728,0.11416939425965834,0.14319565154289238,257.20718360165927,81.50962498790241
26,Ridge,iqr_remove,166,55,0.6904682267282609,0.09153683365659705,0.8309666266908116,114.2427088388627,45.00871879283787
26,MLP,iqr_remove,166,55,0.48463381317618925,0.514469026787106,0.9304669894183061,73.2719550712469,34.06936852555754
26,RandomForest,winsorize_1_99,218,55,0.4782788820946292,0.6658083535767314,0.9201919143811557,78.49928655327297,32.334185090908974
26,ExtraTrees,winsorize_1_99,218,55,0.4052951053349309,0.9409383833797313,0.923856568975328,76.67582969051895,32.501557090909024
26,KNN,winsorize_1_99,218,55,0.724552441269312,0.2104926413706049,0.8452809734365034,109.29848070554952,42.519753692811854
26,Ridge,winsorize_1_99,218,55,0.6476834847741183,0.3941569421489942,0.8965833978476563,89.35881383007914,48.1756205726071
26,MLP,winsorize_1_99,218,55,0.6001576196420586,0.08759102609817222,0.2628258219223374,238.57631159249868,87.47756113227115
27,RandomForest,none,218,55,0.8055688272259399,0.08815000061688721,0.8824530004245156,112.57521927266689,43.33797163636356
27,ExtraTrees,none,218,55,0.8050688889585762,0.08814318760757368,0.938414969851943,81.48442526527052,33.60773163636348
27,KNN,none,218,55,0.7701392377122847,0.16318514112028074,0.8755309434621904,115.84244794715318,42.02216098525691
27,Ridge,none,218,55,0.8542512255940542,0.10030211569003586,0.8957675034246307,106.00798940244279,42.9386796970892
27,MLP,none,218,55,0.6815146972366544,0.25071787245119137,0.8016531536919876,146.2344436985819,57.576559669668804
27,RandomForest,iqr_remove,164,55,0.6704891173672641,0.16645824564204587,0.22277577319265052,289.4744198768236,85.72227090909107
27,ExtraTrees,iqr_remove,164,55,0.7684577132168148,0.09678400255233459,0.27563646282893983,279.4572093522219,82.55032909090934
27,KNN,iqr_remove,164,55,0.7075681005420132,0.0905582856342598,0.1003686422761727,311.436363685454,96.81934623895695
27,Ridge,iqr_remove,164,55,0.6652450181194269,0.07047283170833026,0.7949541005520927,148.68343015596668,52.7444304221996
27,MLP,iqr_remove,164,55,0.5702123933372839,0.18811626409677076,0.8505016175451278,126.95659742854156,43.81090955707633
27,RandomForest,winsorize_1_99,218,55,0.8067359425843164,0.1000213425210626,0.8843729753357905,111.65205034141714,43.05731527272721
27,ExtraTrees,winsorize_1_99,218,55,0.8216815794232252,0.09355589955841315,0.9425114000366599,78.7277597779144,31.64952254545441
27,KNN,winsorize_1_99,218,55,0.782763380252211,0.15125946620161168,0.8939464495076419,106.93001648288455,40.09248388964338
27,Ridge,winsorize_1_99,218,55,0.8446229938241856,0.10185221742303321,0.8859109828712178,110.90699717584793,51.80512538131689
27,MLP,winsorize_1_99,218,55,0.6835930695684248,0.23029895432278746,0.7038657473513713,178.68222393097489,67.18435494053806
28,RandomForest,none,218,55,0.8799613679922235,0.07547356151457785,0.6934426338500911,171.6487017591388,63.610897090909006
28,ExtraTrees,none,218,55,0.8420599647753276,0.12074864339376365,0.7206986740867163,163.84045437319497,61.6275541818181
28,KNN,none,218,55,0.8424863852711061,0.11460720500822795,0.6629859718190927,179.9735297411509,67.48038670563639
28,Ridge,none,218,55,0.8825209236679064,0.09942869756197008,0.6669697312575026,178.9066562749517,66.45670908569306
28,MLP,none,218,55,0.8369395342252473,0.11159112766116909,0.6746088327015001,176.84285796928543,65.87075130037209
28,RandomForest,iqr_remove,166,55,0.7201072729382254,0.10678536524279557,0.10723529431017587,292.92278280187145,110.4624025454544
28,ExtraTrees,iqr_remove,166,55,0.7258872826182683,0.08342049597643862,0.15470820626760518,285.02829267988113,107.185837090909
28,KNN,iqr_remove,166,55,0.6932964965309354,0.05559397129373432,0.0335888203033734,304.76537027332625,116.89944031362336
28,Ridge,iqr_remove,166,55,0.7550545941246759,0.060383506560455255,0.4481641722513917,230.29769527489853,75.79634227229484
28,MLP,iqr_remove,166,55,0.674855235098114,0.11930274753894336,0.36745269925333557,246.56484106584364,106.48769370648459
28,RandomForest,winsorize_1_99,218,55,0.8868566085177443,0.07954627706251288,0.6828793238525042,174.58097893434189,64.12575090909081
28,ExtraTrees,winsorize_1_99,218,55,0.8489142012721815,0.14491788626219168,0.7360098354204476,159.28633449960117,60.014723272727224
28,KNN,winsorize_1_99,218,55,0.8298603993739876,0.1705216788178572,0.6335183364140367,187.67687788951605,67.82699112971389
28,Ridge,winsorize_1_99,218,55,0.8673986675531336,0.09697887096109943,0.6779462833542083,175.93360539157706,72.62874445090819
28,MLP,winsorize_1_99,218,55,0.8133893801172268,0.1331393196589852,0.7009685337351738,169.52864474932284,64.69168755820897
29,RandomForest,none,218,55,0.7314059372108381,0.10346528980917959,0.9257550327110915,50.35072173918799,24.207706181818256
29,ExtraTrees,none,218,55,0.768403094207497,0.12191374293124768,0.9289970764517078,49.239122613594475,21.33203163636339
29,KNN,none,218,55,0.8222247639538642,0.1222133656924234,0.9125991928347578,54.629837895221115,28.160950620709176
29,Ridge,none,218,55,0.8324928284354527,0.11054928122565603,0.9260659768548414,50.245174592481916,31.612898135554687
29,MLP,none,218,55,0.5496118691474015,0.3218181733590176,0.9308902766725536,48.57823900270188,27.929073405004505
29,RandomForest,iqr_remove,168,55,0.7139493353182582,0.08834151916917823,0.4762578409399305,133.73065051984452,48.322598181818314
29,ExtraTrees,iqr_remove,168,55,0.7456383438602734,0.06605067522880854,0.5375922869392842,125.65643231244414,45.55171636363657
29,KNN,iqr_remove,168,55,0.6863300368851654,0.06036869913492031,0.23482130331414408,161.6417803783238,61.58034289176725
29,Ridge,iqr_remove,168,55,0.7140006292128389,0.09475158183118476,0.8903509679271525,61.18917408422298,32.96386199803285
29,MLP,iqr_remove,168,55,0.7274938794956073,0.09669642128820134,0.8603408361329723,69.05687299264368,29.53540442984996
29,RandomForest,winsorize_1_99,218,55,0.7400474618366994,0.1107592801739652,0.9334487809893263,47.670553826109455,23.788361818181894
29,ExtraTrees,winsorize_1_99,218,55,0.7439171053514839,0.12789130521246497,0.9394788351479636,45.4596229454174,20.551808727272643
29,KNN,winsorize_1_99,218,55,0.7950618892201669,0.13349440184927838,0.8530220499812504,70.843218407629,31.42214481384059
29,Ridge,winsorize_1_99,218,55,0.8280902995100398,0.1039151416798215,0.8526328547129586,70.93695225364374,41.656091963537115
29,MLP,winsorize_1_99,218,55,0.7372628424278881,0.15768795568596825,0.8788950221244792,64.30625042345844,35.33831360099145
