Client ID,FlowClass,Site,Lat,Long,Lab ID,Units,Li,Be,B,Na,Mg,Al,Si,P,K,Ca,Sc,Ti,V,Cr,Mn,Fe,Co,Ni,Cu,Zn,Ga,Ge,As,Se,Rb,Sr,Y,Zr,Nb,Mo,Ag,Cd,In,Sn,Sb,Te,Cs,Ba,La,Ce,Pr,Nd,Sm,Eu,Gd,Tb,Dy,Ho,Er,Tm,Yb,Lu,Hf,Ta,Re,Tl,Pb,Bi,Th,U,Fl,SiO2,F,Cl,Br,NO2,NO3,SO4,PO4,REE,LREE,MREE,HREE,REEY,REEYSc,Client ID.1,Lab ID.1,Lab ID.2,Acidity,Alkalinity,Measured (mS/cm),Measured (µS/cm),Measured TDS (g/L),Measured TDS (mg/L),pH,ML,Unnamed: 93,Predicted_Production
ML_1_Inflow,Inflow,Wingfield_Pines,40.340833,-80.109722,2405-004,SEE_HEADER,60.36,0.0,226.542,461799.066,27335.712,12.793,8708.368,45.589,5027.441,79370,0.072,0.943,1.136,0.49,257.7,8609.327,1.426,1.537,5.179,0.0,0.011,0.061,2.648,5.806,3.998,2951.635,0.178,0.0,0.0,0.367,0.024,0.005,0,0.0,0.0,0,0.057,32.613,0.0,0.019,0.004,0.0,0.007,0.003,0.02,0.003,0.019,0.004,0.017,0.002,0.017,0.003,0.0,0.0,0,0.0,0.014,0,0.0,0.175,NM,NM,0,462.091,NM,NM,NM,265315.0,NM,0.118,0.095,0.05600000000000001,0.217,0.296,0.3679999999999999,ML_1_Inflow,2405-004,2405-004,NM,426.000,2.388,NM,1.194,NM,6.91,ML_1,265315000,7.659601842269538
ML_1_Outflow,Outflow,Wingfield_Pines,40.340833,-80.109722,2405-002,SEE_HEADER,60.691,0.0,224.877,444277.592,28039.526,20.154,6448.427,0.0,4530.776,78420,0.044,1.146,1.403,1.166,132.8,19.14,0.481,1.71,0.694,0.0,0.007,0.029,0.647,5.957,3.669,2815.909,0.042,0.0,0.0,0.842,0.015,0.008,0,0.0,0.0,0,0.04,33.051,0.0,0.005,0.001,0.0,0.003,0.002,0.006,0.001,0.008,0.002,0.006,0.001,0.009,0.002,0.0,0.0,0,0.0,0.03,0,0.0,0.25,NM,NM,0,463.914,NM,NM,NM,263857.0,NM,0.04600000000000001,0.05,0.022,0.06,0.08800000000000001,0.132,ML_1_Outflow,2405-002,2405-002,NM,411.000,2.430,NM,1.210,NM,7.7,ML_1,263857000,2.81039711669844
ML_10_Inflow,Inflow,Hanlon,41.197778,-79.230278,2417-012,SEE_HEADER,264.212,13.773,13.944,1982.442,80520.88,47650.0,21762.765,0.0,2154.509,70970,5.731,0.655,0.0,6.2,12100.0,1052.0,253.001,567.197,32.52,1458.637,1.658,0.409,2.349,6.836,7.6,153.564,142.983,0.0,0.0,0.0,0.129,3.977,0,1.425,0.111,0,0.0,0.0,28.985,80.687,14.859,79.1,26.179,7.141,35.226,5.618,29.822,5.37,13.689,1.668,9.71,1.405,0.145,0.0,0,0.225,0.432,0,0.278,3.565,NM,NM,0,8.126,0,0,0,867770.0,0,339.4589999999999,209.362,109.356,169.455,482.442,488.173,ML_10_Inflow,2417-012,2417-012,665.000,NM,1.451,NM,NM,725.300,3.42,ML_10,867770000,457.89387023557407
ML_10_Outflow,Outflow,Hanlon,41.197778,-79.230278,2417-010,SEE_HEADER,174.568,9.192,11.071,1538.76,55836.078,33540.0,11909.355,0.0,2155.177,59960,1.735,0.351,0.0,2.523,9330.0,684.0,183.368,378.224,24.027,979.196,1.249,0.287,1.384,3.483,6.044,114.414,97.834,0.0,0.0,0.0,0.0,2.521,0,1.122,0.0,0,0.0,10.185,24.428,66.009,11.324,58.337,18.058,4.741,24.067,3.825,20.337,3.662,9.253,1.157,6.698,0.974,0.09,0.0,0,0.093,3.482,0,0.0,1.792,NM,NM,0,6.723,0,0,0,612643.0,0,252.87,161.833,74.69000000000001,115.916,350.704,352.439,ML_10_Outflow,2417-010,2417-010,229.000,NM,NM,985.700,NM,492.800,3.98,ML_10,612643000,278.26328008192365
ML_11_Inflow,Inflow,Hefren,41.364444,-79.239444,2417-004,SEE_HEADER,54.981,0.0,17.473,4223.291,19259.646,0.0,3347.264,43.201,3820.807,69960,0.0,0.0,0.0,0.883,4085.0,44010.0,21.303,23.414,0.496,4.769,0.057,0.037,0.878,0.0,5.817,287.815,0.035,0.0,0.0,0.0,0.0,0.0,0,0.513,0.0,0,0.0,5.08,0.007,0.008,0.0,0.0,0.0,0.0,0.0,0.0,0.0,0.0,0.0,0.0,0.0,0.0,0.0,0.0,0,0.0,0.0,0,0.0,0.172,NM,NM,0,0,0,0,0,243243.0,0,0.015,0.015,,0.035,0.05,0.05,ML_11_Inflow,2417-004,2417-004,NM,75.600,NM,548.500,NM,274.200,5.96,ML_11,243243000,6.02129453889529
ML_11_Outflow,Outflow,Hefren,41.364444,-79.239444,2417-003,SEE_HEADER,51.787,0.0,18.376,3902.088,17010.823,0.0,1522.104,10.249,3532.305,62230,0.0,0.0,0.0,1.068,829.3,0.0,1.659,8.864,0.545,1.067,0.018,0.0,0.0,0.0,5.45,254.646,0.0,0.0,0.0,0.0,0.0,0.0,0,0.748,0.0,0,0.0,0.0,0.002,0.0,0.0,0.0,0.0,0.0,0.0,0.0,0.0,0.0,0.0,0.0,0.0,0.0,0.0,0.0,0,0.0,0.0,0,0.0,0.0,NM,NM,0,5.864,0,0,0,243746.0,0,0.002,0.002,,,0.002,0.002,ML_11_Outflow,2417-003,2417-003,NM,38.500,NM,483.500,NM,242.100,7.11,ML_11,243746000,5.041240168186439
ML_12_Inflow,Inflow,Lykens,40.583056,-76.7,2417-014,SEE_HEADER,9.586,0.195,1.423,614.115,6489.837,600.5,2892.076,0.0,788.367,10360,0.09,0.392,0.044,0.163,587.8,3354.0,11.856,22.835,1.158,44.261,0.018,0.0,0.649,0.0,1.334,42.535,0.51,0.0,0.0,0.0,0.0,0.066,0,0.0,0.0,0,0.0,36.954,0.364,0.765,0.092,0.365,0.08,0.017,0.096,0.014,0.088,0.015,0.052,0.006,0.042,0.006,0.0,0.0,0,0.0,0.0,0,0.0,0.025,NM,NM,0,9.539,0,0,0,45522.0,0,2.002,1.676,0.3100000000000001,0.6160000000000001,2.512,2.602,ML_13_Inflow,2417-014,2417-014,NM,24.700,NM,136.800,NM,68.390,6.11,ML_12,45522000,8.369120902539283
ML_13_Inflow,Inflow,Neal_Run,40.567187,-79.294531,2417-008,SEE_HEADER,1451.247,35.553,71.34,6537.268,97510.852,313800.0,41484.771,91.583,2996.735,363000,23.702,3.993,26.954,63.437,15620.0,530800.0,589.754,1273.412,105.134,3322.796,5.464,1.11,45.545,7.439,34.571,1352.142,282.887,0.119,0.0,3.382,0.0,5.808,0,0.645,0.0,0,5.452,0.0,62.857,195.776,30.534,158.497,50.436,14.736,64.813,10.334,56.936,10.431,27.29,3.437,20.496,3.05,0.269,0.0,0,1.305,1.728,0,4.607,3.353,NM,NM,0,6.992,0,0,0,5006000.0,0,709.623,471.366,207.686,337.16,992.51,1016.212,ML_12_Inflow,2417-008,2417-008,3489.000,NM,4.848,NM,2.424,NM,3.16,ML_13,5006000000,996.1869267085891
ML_13_Outflow,Outflow,Neal_Run,40.567187,-79.294531,2417-013,SEE_HEADER,109.492,1.964,39.522,4839.504,15605.91,13070.0,7262.69,6.298,1666.613,133600,0.539,0.0,0.038,1.0,1209.0,124.7,35.839,88.089,2.945,192.077,0.234,0.038,0.0,0.907,1.632,292.956,16.119,1.73,0.0,0.233,0.036,0.471,0,0.0,0.05,0,0.041,7.661,4.191,12.27,1.853,9.466,2.905,0.86,3.745,0.573,3.227,0.601,1.576,0.196,1.134,0.165,0.071,0.0,0,0.03,0.059,0,0.0,0.349,NM,NM,0,11.23,0,0,0,478351.0,0,42.76199999999999,28.319,11.911,19.19,58.88099999999999,59.41999999999999,ML_13_Outflow,2417-013,2417-013,97.600,NM,NM,847.100,NM,423.500,4.47,ML_13,478351000,81.43615105986234
ML_14_Inflow,Inflow,Scrubgrass,40.382222,-80.089444,2417-006,SEE_HEADER,34.249,0.0,145.858,316678.087,39072.107,0.0,4848.111,0.0,5091.657,108400,0.028,0.0,0.746,0.859,653.4,51420.0,1.5,8.084,0.986,4.935,0.015,0.048,13.882,1.562,3.856,1766.114,0.109,0.0,0.0,0.189,0.0,0.0,0,0.413,0.023,0,0.006,9.798,0.0,0.0,0.0,0.0,0.0,0.0,0.003,0.0,0.005,0.001,0.006,0.0,0.008,0.001,0.0,0.0,0,0.0,0.0,0,0.0,0.032,NM,NM,0,392.433,0,0,0,470505.0,0,0.024,0.028,0.009000000000000001,0.124,0.133,0.161,ML_14_Inflow,2417-006,2417-006,NM,174.000,2.351,NM,1.175,NM,6.08,ML_14,470505000,16.21572301895042
ML_14_Outflow,Outflow,Scrubgrass,40.382222,-80.089444,2417-007,SEE_HEADER,35.886,0.0,155.656,316052.955,38964.636,0.0,4531.819,18.613,5001.241,108800,0.0,0.342,0.826,1.081,677.9,33230.0,1.467,8.84,2.467,4.961,0.016,0.024,4.539,1.666,3.795,1758.489,0.026,0.0,0.0,0.0,0.0,0.0,0,0.489,0.0,0,0.0,9.343,0.0,0.0,0.0,0.0,0.0,0.0,0.001,0.0,0.0,0.0,0.001,0.0,0.006,0.001,0.0,0.0,0,0.0,0.0,0,0.0,0.017,NM,NM,0,411.01,0,0,0,452707.0,0,0.009000000000000001,,0.001,0.034,0.035,0.035,ML_14_Outflow,2417-007,2417-007,NM,123.000,2.264,NM,1.132,NM,6.17,ML_14,452707000,18.309823539802547
ML_15_Inflow,Inflow,Filson1,41.203889,-79.164167,2433-011,SEE_HEADER,155.532,7.284,11.364,1342.472,48408.54,13903.259,12799.64,0.0,2306.234,76720,0.673,0.577,0.0,0.257,17880.0,1117.506,294.542,445.432,15.011,936.035,1.736,0.309,1.704,4.887,4.773,150.408,88.349,0.0,0.0,0.0,0.0,1.857,0,0.0,0.0,0,0.0,9.018,16.979,54.345,8.739,46.232,14.356,3.698,19.864,3.045,16.424,3.115,7.764,0.906,5.032,0.712,0.067,0.0,0,0.0,0.101,0,0.0,1.579,NM,NM,NM,6.636,NM,NM,NM,561890.0,NM,201.211,126.968,60.502,102.763,289.56,290.233,ML_15_Inflow,2433-011,2433-011,52.200,NM,NM,921.300,,460.600,4.02,ML_15,561890000,185.29699742551193
ML_16_Inflow,Inflow,Filson2,41.204722,-79.165833,2433-012,SEE_HEADER,175.291,7.856,16.833,2053.822,94281.686,11036.207,11935.008,0.0,3810.042,123100,0.609,0.468,0.0,0.304,41540.0,17320.975,539.552,697.745,2.515,1018.236,2.3,0.394,1.973,3.623,7.49,234.125,108.687,0.0,0.0,0.0,0.0,0.674,0,0.0,0.0,0,0.0,7.889,17.499,60.959,9.694,53.251,16.991,4.471,23.903,3.693,20.198,3.799,9.591,1.101,6.047,0.847,0.075,0.0,0,0.0,0.234,0,0.006,1.133,NM,NM,NM,3.878,NM,NM,NM,950501.0,NM,232.044,142.012,73.055,126.273,340.731,341.34,ML_16_Inflow,2433-012,2433-012,99.100,NM,1.562,NM,,780.900,3.46,ML_16,950501000,414.0093191336962
ML_16_Outflow,Outflow,Filson2,41.204722,-79.165833,2433-013,SEE_HEADER,164.033,7.036,13.902,1957.084,85179.509,9726.804,10935.011,0.0,3658.686,118900,0.297,0.355,0.0,0.663,39010.0,8962.97,497.957,635.536,3.458,908.419,2.026,0.305,1.397,3.483,6.904,237.583,95.227,0.0,0.0,0.0,0.0,0.846,0,1.107,0.0,0,0.0,9.507,16.156,53.439,8.13,43.603,13.445,3.617,19.83,3.07,16.631,3.116,7.832,0.879,4.723,0.67,0.052,0.0,0,0.0,0.742,0,0.0,0.914,NM,NM,NM,3.936,NM,NM,NM,783782.0,NM,195.141,121.625,59.709,109.331,290.3680000000001,290.665,ML_16_Outflow,2433-013,2433-013,238.000,NM,1.508,NM,,753.800,3.35,ML_16,783782000,360.99133815847114
ML_17_Inflow,Inflow,Askam,41.204148,-75.981022,2433-005,SEE_HEADER,44.378,0.153,7.868,39154.884,38401.707,0.0,5672.139,0.0,1904.052,89750,0.071,0.297,0.048,1.108,2750.0,20406.268,15.93,20.867,1.696,0.0,0.048,0.03,10.177,0.0,4.399,1211.97,0.266,0.0,0.0,0.382,0.107,0.0,0,0.29,0.02,0,0.35,20.344,0.096,0.147,0.015,0.065,0.01,0.004,0.026,0.003,0.024,0.005,0.015,0.001,0.012,0.001,0.0,0.0,0,0.0,0.0,0,0.0,0.14,NM,NM,NM,43.272,NM,NM,NM,332484.0,NM,0.424,0.394,0.07200000000000001,0.295,0.6900000000000001,0.7610000000000001,ML_17_Inflow,2433-005,2433-005,NM,109.000,NM,906.600,,453.200,6.41,ML_17,332484000,8.032650821947357
ML_17_Outflow,Outflow,Askam,41.204148,-75.981022,2433-004,SEE_HEADER,45.227,0.163,8.37,37981.702,37751.694,11.825,5797.553,0.0,1903.586,86270,0.026,0.0,0.054,0.593,2578.0,18424.35,15.952,19.972,0.349,0.0,0.042,0.045,8.834,0.0,4.424,1218.385,0.152,0.0,0.0,0.713,0.102,0.0,0,0.18,0.0,0,0.314,21.075,0.05,0.036,0.003,0.005,0.001,0.0,0.006,0.0,0.007,0.001,0.005,0.0,0.005,0.0,0.0,0.0,0,0.0,0.026,0,0.0,0.132,NM,NM,NM,44.851,NM,NM,NM,336438.0,NM,0.119,0.12,0.015,0.162,0.271,0.297,ML_17_Outflow,2433-004,2433-004,NM,116.000,NM,903.300,,451.600,6.4,ML_17,336438000,8.517011925299842
ML_18_Inflow,Inflow,Oneida,40.925556,-76.123056,2433-010,SEE_HEADER,14.831,1.403,2.81,43197.656,7823.437,1721.825,4229.846,0.0,1142.151,6385,0.09,0.0,0.554,0.698,638.7,221.326,37.237,45.547,10.957,169.893,0.143,0.017,0.214,0.863,1.896,39.044,2.107,0.0,0.0,0.0,0.0,0.36,0,0.742,0.0,0,0.0,34.917,3.9,7.652,0.944,3.933,0.786,0.175,0.743,0.085,0.446,0.085,0.262,0.035,0.229,0.035,0.0,0.0,0,0.0,2.011,0,0.0,0.15,NM,NM,NM,81.551,NM,NM,NM,53957.0,NM,19.31,16.519,2.32,2.668000000000001,21.417,21.507,ML_18_Inflow,2433-010,2433-010,31.600,NM,NM,383.700,,191.800,4.28,ML_18,53957000,25.23498523159364
ML_18_Outflow,Outflow,Oneida,40.925556,-76.123056,2433-008,SEE_HEADER,10.724,0.166,2.63,43065.587,7765.156,128.574,3422.995,0.0,1118.792,18150,0.048,0.0,0.485,0.964,191.4,43.407,11.873,20.878,1.401,58.36,0.0,0.0,0.0,0.0,1.878,64.836,0.024,0.0,0.0,0.0,0.0,0.15,0,0.448,0.016,0,0.0,32.997,0.026,0.053,0.008,0.023,0.006,0.0,0.007,0.0,0.002,0.0,0.003,0.0,0.002,0.0,0.0,0.0,0,0.0,0.03,0,0.0,0.014,NM,NM,NM,80.856,NM,NM,NM,53441.0,NM,0.13,0.158,0.015,0.029,0.154,0.202,ML_18_Outflow,2433-008,2433-008,NM,50.600,NM,405.100,,202.500,7.19,ML_18,53441000,2.4354318568529743
ML_19_Inflow,Inflow,MaryD,40.754448,-76.056904,2433-009,SEE_HEADER,20.174,1.25,1.812,2903.825,13033.061,892.365,4042.948,0.0,765.659,24950,0.111,0.0,0.0,0.0,1539.0,1277.781,45.718,57.529,6.045,196.678,0.128,0.0,0.564,0.0,1.122,184.703,2.728,0.0,0.0,0.0,0.0,0.29,0,0.0,0.0,0,0.0,21.275,2.544,5.204,0.664,2.844,0.58,0.134,0.699,0.103,0.577,0.113,0.316,0.041,0.258,0.036,0.0,0.0,0,0.0,0.404,0,0.0,0.109,NM,NM,NM,6.8,NM,NM,NM,126148.0,NM,14.113,11.367,2.206,3.379,16.841,16.952,ML_19_Inflow,2433-009,2433-009,NM,22.300,NM,285.200,,142.200,5.26,ML_19,126148000,18.943343735390002
ML_19_Outflow,Outflow,MaryD,40.754448,-76.056904,2433-003,SEE_HEADER,19.365,0.128,2.351,2890.882,12404.0,25.574,3823.583,0.0,765.577,34190,0.012,0.0,0.0,1.175,318.4,44.161,10.172,21.955,0.759,52.993,0.0,0.0,0.084,0.635,1.163,192.512,0.057,0.0,0.0,0.0,0.0,0.075,0,0.574,0.025,0,0.0,16.879,0.037,0.051,0.005,0.006,0.004,0.0,0.003,0.0,0.003,0.0,0.002,0.0,0.001,0.0,0.0,0.0,0,0.0,0.0,0,0.0,0.022,NM,NM,NM,10.51,NM,NM,NM,117413.0,NM,0.112,0.111,0.01,0.06,0.169,0.181,ML_19_Outflow,2433-003,2433-003,NM,57.000,NM,313.100,,156.500,7.36,ML_19,117413000,2.21453612303278
ML_2_Inflow,Inflow,Boyce,40.464444,-79.748889,2405-016,SEE_HEADER,280.455,6.259,21.376,10365.36,42323.736,52750.265,17705.824,0.0,425.229,112700,11.164,1.108,0.329,14.423,1148.0,3431.904,127.166,342.16,133.891,452.938,2.197,0.481,3.01,6.641,0.69,261.677,52.562,0.0,0.0,0.0,0.0,4.472,0.01,0.0,0.0,0,0.0,6.277,25.947,96.649,14.744,71.808,18.939,4.401,20.193,2.878,14.103,2.387,6.016,0.727,4.285,0.626,0.08,0.0,0,0.019,1.901,0,2.902,3.732,NM,NM,0,20.923,NM,NM,NM,853480.0,NM,283.703,220.312,62.901,64.216,336.265,347.429,ML_2_Inflow,2405-016,2405-016,47.500,NM,1.450,NM,NM,724.000,3.14,ML_2,853480000,358.17338212321255
ML_2_Outflow,Outflow,Boyce,40.464444,-79.748889,2405-013,SEE_HEADER,97.655,1.191,30.254,59862.602,31488.159,2638.856,8459.143,0.0,1283.334,108600,0.42,0.66,0.45,0.7,692.8,196.809,38.073,118.665,17.013,127.569,0.494,0.114,0.658,2.852,0.936,561.721,12.229,0.0,0.0,0.0,0.0,1.367,0,0.0,0.0,0,0.0,23.25,7.502,23.143,3.387,15.357,3.774,0.873,4.325,0.607,2.976,0.497,1.268,0.146,0.825,0.125,0.016,0.0,0,0.025,0.244,0,0.0,0.514,NM,NM,0,111.288,NM,NM,NM,424362.0,NM,64.80499999999999,49.809,13.052,14.593,77.03399999999999,77.45400000000001,ML_2_Outflow,2405-013,2405-013,35.800,NM,1.054,NM,NM,526.000,4.93,ML_2,424362000,39.19920234490988
ML_20_Inflow,Inflow,Lorberry,40.594167,-76.440278,2433-007,SEE_HEADER,20.613,0.72,3.027,3155.835,12144.267,136.397,3803.705,0.0,1027.667,7553,0.074,0.0,0.04,0.422,1177.0,1840.554,33.165,43.454,1.068,92.976,0.04,0.0,0.0,0.0,1.635,27.097,0.401,0.0,0.0,0.0,0.0,0.067,0,0.215,0.0,0,0.0,27.859,0.402,0.717,0.074,0.273,0.053,0.01,0.067,0.011,0.065,0.014,0.043,0.004,0.034,0.004,0.0,0.0,0,0.0,0.054,0.563,0.0,0.025,NM,NM,NM,9.492,NM,NM,NM,69401.0,NM,1.771,1.54,0.22,0.486,2.172,2.246,ML_20_Inflow,2433-007,2433-007,NM,26.700,NM,188.200,,94.120,5.95,ML_20,69401000,9.077371780926535
ML_20_Outflow,Outflow,Lorberry,40.594167,-76.440278,2433-006,SEE_HEADER,20.072,0.255,1.989,3146.166,11873.721,50.765,3635.898,0.0,964.156,8081,0.015,0.0,0.033,0.754,1057.0,139.002,25.761,40.001,0.97,62.659,0.0,0.0,0.0,0.0,1.59,27.071,0.017,0.0,0.0,0.0,0.0,0.047,0,0.459,0.019,0,0.0,26.9,0.007,0.012,0.001,0.0,0.001,0.0,0.0,0.0,0.002,0.0,0.002,0.0,0.0,0.0,0.0,0.0,0,0.0,0.117,0,0.0,0.0,NM,NM,NM,8.981,NM,NM,NM,70081.0,NM,0.025,0.035,0.003,0.019,0.042,0.057,ML_20_Outflow,2433-006,2433-006,NM,21.100,NM,176.800,,88.380,6.51,ML_20,70081000,5.969856274306414
ML_21_Inflow,Inflow,Klondike1,40.551944,-78.4975,2439-017,SEE_HEADER,39.267,0.718,7.706,4318.241,73961.798,1235.0,5748.834,0.0,4140.708,78510,0.153,0.431,0.0,1.644,26736.602,58903.18,303.551,269.86,2.192,150.969,0.745,0.084,0.367,0.0,7.793,105.373,7.71,0.0,0.0,0.0,0.0,0.181,0,1.32,0.039,0,0.0,12.014,1.684,4.158,0.649,3.376,1.082,0.291,1.518,0.235,1.221,0.241,0.638,0.076,0.435,0.063,0.0,0.0,0,0.0,0.373,0,0.0,0.0,NM,NM,0,10.187,NM,NM,NM,752149.0,NM,15.667,10.02,4.587999999999999,8.922000000000002,23.377,23.53,ML_21_Inflow,2439-017,2439-017,65.400,NM,1.327,NM,,663.400,3.34,ML_21,752149000,300.67811303848373
ML_21_Outflow,Outflow,Klondike1,40.551944,-78.4975,2439-004,SEE_HEADER,44.002,0.0,12.571,4005.449,68524.867,0.0,5262.959,0.0,3898.457,153600,0.025,0.391,0.0,1.767,11962.598,293.942,2.664,7.634,0.597,0.0,0.478,0.008,0.074,0.0,8.495,269.596,0.008,0.0,0.0,0.0,0.0,0.0,0,0.686,0.062,0,0.0,5.387,0.003,0.0,0.0,0.0,0.0,0.0,0.0,0.0,0.001,0.0,0.0,0.0,0.001,0.0,0.0,0.0,0,0.0,0.0,0,0.0,0.0,NM,NM,0,9.067,NM,NM,NM,629700.0,NM,0.005,0.028,0.001,0.009000000000000001,0.013,0.03800000000000001,ML_21_Outflow,2439-004,2439-004,NM,99.300,1.127,NM,,563.300,7.12,ML_21,629700000,16.744973670646772
ML_22_Inflow,Inflow,Klondike2,40.555556,-78.499167,2439-013,SEE_HEADER,12.974,0.5,5.875,9438.326,7529.234,1091.0,4543.035,0.0,1307.487,9832,0.212,0.829,0.153,2.892,1054.812,511.003,29.471,53.968,5.778,92.208,0.078,0.011,0.085,0.0,2.041,25.793,1.816,0.0,0.0,0.0,0.004,0.196,0,1.163,0.066,0,0.0,31.786,0.734,1.805,0.272,1.259,0.345,0.082,0.442,0.072,0.383,0.072,0.201,0.028,0.157,0.023,0.0,0.0,0,0.0,0.858,0,0.0,0.0,NM,NM,0,20.141,NM,NM,NM,67113.0,NM,5.874999999999998,4.282,1.396,2.225,7.690999999999998,7.903,ML_22_Inflow,2439-013,2439-013,24.940,NM,NM,207.700,,103.800,4.03,ML_22,67113000,27.745205576711207
ML_23_Inflow,Inflow,Puritian,40.366808,-78.645556,2439-019,SEE_HEADER,92.944,7.526,11.913,4296.305,46245.867,17460.0,11930.147,0.0,1909.356,111900,5.045,0.661,0.038,8.456,2036.871,12359.303,231.011,506.48,50.745,883.893,1.137,0.237,1.255,3.158,5.058,204.898,45.559,0.0,0.0,0.0,0.0,1.302,0,1.133,0.056,0,0.102,10.831,17.039,48.968,7.089,33.075,9.514,2.203,11.489,1.84,10.007,1.861,5.149,0.665,3.913,0.569,0.059,0.0,0,0.098,3.045,0,0.902,3.018,NM,NM,0,5.464,NM,NM,NM,689674.0,NM,153.381,111.216,36.91399999999999,55.855,198.94,203.985,ML_23_Inflow,2439-019,2439-019,44.180,NM,1.216,NM,,607.700,3.19,ML_23,689674000,146.1627759300962
ML_23_Outflow,Outflow,Puritian,40.366808,-78.645556,2439-010,SEE_HEADER,96.014,3.431,13.7,4967.547,52106.988,3353.0,10043.82,0.0,2038.431,158000,1.095,1.9,0.0,2.95,1181.876,864.404,129.755,401.664,26.733,735.417,0.647,0.16,0.702,2.731,4.667,614.429,26.76,0.0,0.0,0.0,0.0,0.892,0,1.158,0.069,0,0.043,15.653,10.539,27.032,3.968,18.514,5.119,1.179,6.427,0.982,5.359,1.0,2.761,0.344,2.01,0.292,0.037,0.0,0,0.0,0.644,0,0.0,1.465,NM,NM,0,9.686,NM,NM,NM,629117.0,NM,85.52599999999998,61.148,20.066,32.167,112.286,113.381,ML_23_Outflow,2439-010,2439-010,39.880,NM,1.025,NM,,512.300,4.67,ML_23,629117000,54.51103756875413
ML_24_Inflow,Inflow,Laurel1,40.508236,-79.112892,2439-016,SEE_HEADER,65.478,4.502,8.3,2731.617,22689.71,7690.0,10037.882,0.0,2064.169,68240,1.605,0.624,0.0,4.395,3187.527,4352.215,88.78,144.761,24.676,298.434,0.426,0.103,0.495,0.0,4.044,173.302,16.656,0.0,0.0,0.0,0.0,0.689,0,1.22,0.052,0,0.0,21.581,3.929,15.676,1.869,9.787,3.359,0.849,4.325,0.685,3.618,0.659,1.798,0.233,1.343,0.202,0.077,0.0,0,0.513,6.327,0,0.0,0.733,NM,NM,0,11.25,NM,NM,NM,376624.0,NM,48.33199999999999,32.866,13.495,20.232,64.988,66.593,ML_24_Inflow,2439-016,2439-016,96.180,NM,NM,765.600,,382.800,3.31,ML_24,376624000,84.52015786601375
ML_24_Outflow,Outflow,Laurel1,40.508236,-79.112892,2439-002,SEE_HEADER,41.078,0.0,46.782,3480.211,26175.173,0.0,7025.197,54.672,6730.336,132100,0.064,0.945,0.338,1.864,1445.863,132.024,0.894,5.442,0.456,0.0,0.089,0.072,2.048,0.0,8.888,563.581,0.039,0.0,0.0,0.066,0.0,0.009,0,0.247,0.06,0,0.0,116.237,0.008,0.016,0.003,0.02,0.005,0.007,0.005,0.001,0.005,0.001,0.004,0.001,0.004,0.001,0.0,0.0,0,0.0,0.008,0,0.0,0.0,NM,NM,0,10.487,NM,NM,NM,90393.0,NM,0.08100000000000002,0.111,0.024,0.049,0.12,0.184,ML_24_Outflow,2439-002,2439-002,NM,338.000,NM,697.500,,348.700,7.76,ML_24,90393000,0.8908374049596567
ML_25_Inflow,Inflow,Chiller,40.881111,-78.200278,2439-020,SEE_HEADER,70.484,4.753,2.415,650.441,28114.165,13250.0,13742.352,0.0,1306.782,21070,2.689,1.933,0.354,8.011,5665.085,3625.88,132.683,227.486,25.304,380.597,0.862,0.123,0.582,0.0,5.348,62.851,24.501,0.0,0.011,0.121,0.0,0.673,0,1.616,0.057,0,0.059,12.216,11.774,27.617,3.743,17.078,4.559,1.081,5.42,0.857,4.612,0.892,2.508,0.328,1.936,0.29,0.022,0.0,0,0.0,2.925,0,0.112,0.684,NM,NM,0,0,NM,NM,NM,368734.0,NM,82.69499999999998,62.901,17.421,29.563,107.196,109.885,ML_25_Inflow,2439-020,2439-020,69.230,NM,NM,974.600,,487.200,2.9,ML_25,368734000,149.9765655402498
ML_25_Outflow,Outflow,Chiller,40.881111,-78.200278,2439-018,SEE_HEADER,65.248,3.977,2.391,649.784,27666.237,9693.0,11488.31,0.0,1568.324,39530,1.553,0.85,0.133,4.692,4817.719,3077.885,107.68,191.35,16.203,314.996,0.64,0.103,0.692,0.0,5.936,122.772,20.508,0.0,0.0,0.0,0.0,0.574,0,0.176,0.0,0,0.044,11.277,10.043,23.132,3.118,13.989,3.693,0.906,4.518,0.71,3.796,0.726,2.069,0.263,1.592,0.238,0.007,0.0,0,0.0,2.258,0,0.0,0.399,NM,NM,0,0,NM,NM,NM,350989.0,NM,68.793,51.83500000000001,14.349,24.67,89.301,90.85400000000001,ML_25_Outflow,2439-018,2439-018,32.000,NM,NM,722.400,,361.200,3.25,ML_25,350989000,108.024319416896
ML_26_Inflow,Inflow,Mine_Drift,40.879444,-78.198611,2439-022,SEE_HEADER,73.288,4.83,3.632,743.21,33066.159,11100.0,13846.529,0.0,1461.28,24020,2.293,1.139,0.0,5.94,6177.761,4230.538,137.062,250.957,16.889,425.257,0.871,0.113,0.555,1.635,5.542,72.08,24.697,0.0,0.0,0.0,0.013,0.91,0,0.27,0.089,0,0.033,9.809,11.712,26.172,3.644,16.661,4.582,1.108,5.547,0.866,4.634,0.896,2.461,0.32,1.898,0.294,0.087,0.0,0,0.046,0.735,0,0.343,0.525,NM,NM,0,0,NM,NM,NM,406500.0,NM,80.79499999999999,60.482,17.633,29.67,105.492,107.785,ML_26_Inflow,2439-022,2439-022,78.200,NM,1.094,NM,,547.100,2.88,ML_26,406500000,142.0833223442646
ML_26_Outflow,Outflow,Mine_Drift,40.879444,-78.198611,2439-006,SEE_HEADER,54.626,0.034,3.624,677.764,27636.522,0.0,8214.647,0.0,1399.225,88700,0.033,0.582,0.0,2.097,1391.238,31.648,14.935,65.369,1.177,63.589,0.066,0.0,0.0,0.0,4.615,179.938,0.252,0.0,0.0,0.0,0.0,0.15,0,0.75,0.051,0,0.0,6.366,0.192,0.18,0.028,0.103,0.031,0.006,0.033,0.005,0.029,0.006,0.017,0.002,0.012,0.002,0.0,0.0,0,0.0,0.0,0,0.0,0.0,NM,NM,0,4.537,NM,NM,NM,297927.0,NM,0.646,0.536,0.11,0.285,0.898,0.931,ML_26_Outflow,2439-006,2439-006,NM,69.780,NM,587.700,,293.800,7.47,ML_26,297927000,4.15760845035747
ML_27_Inflow,Inflow,BellwoodAB,40.664444,-78.401111,2439-015,SEE_HEADER,19.984,0.891,3.092,413.182,4962.439,1704.0,4660.395,0.0,848.69,6622,0.157,0.82,0.048,2.107,1876.111,1231.055,39.479,61.414,2.322,97.029,0.109,0.01,0.116,0.0,2.381,24.996,2.333,0.0,0.0,0.0,0.0,0.369,0,1.096,0.071,0,0.0,33.516,1.186,2.634,0.305,1.279,0.314,0.076,0.394,0.065,0.348,0.073,0.209,0.028,0.163,0.025,0.0,0.0,0,0.0,1.117,0,0.0,0.0,NM,NM,0,0,NM,NM,NM,64194.99999999999,NM,7.099,5.561,1.27,2.758,9.432,9.588999999999999,ML_27_Inflow,2439-015,2439-015,36.380,NM,NM,185.800,,92.880,3.66,ML_27,64194999.99999999,34.47301188442247
ML_27_Outflow,Outflow,BellwoodAB,40.664444,-78.401111,2439-009,SEE_HEADER,19.968,0.188,3.642,438.054,6972.934,0.0,4443.504,0.0,820.14,19470,0.026,0.49,0.03,1.959,1117.667,382.998,14.917,34.257,0.749,42.53,0.046,0.0,0.0,0.0,2.185,61.981,0.268,0.0,0.0,0.0,0.0,0.111,0,0.278,0.037,0,0.0,21.801,0.15,0.228,0.025,0.111,0.023,0.012,0.034,0.011,0.032,0.007,0.018,0.002,0.015,0.003,0.0,0.0,0,0.0,0.02,0,0.0,0.0,NM,NM,0,0,NM,NM,NM,72057.0,NM,0.671,0.54,0.119,0.306,0.9390000000000001,0.9650000000000001,ML_27_Outflow,2439-009,2439-009,NM,15.910,NM,155.700,,77.840,6.83,ML_27,72057000,4.344535639960753
ML_28_Inflow,Inflow,BellwoodC,40.665278,-78.406389,2439-003,SEE_HEADER,33.446,0.028,5.447,7398.462,14329.239,0.0,4389.272,0.0,1864.626,66640,0.019,0.464,0.0,2.137,1616.016,35825.33,19.817,26.265,0.484,0.0,0.053,0.037,1.334,0.0,2.71,442.285,0.011,0.0,0.0,0.13,0.0,0.0,0,0.571,0.04,0,0.0,21.435,0.007,0.0,0.0,0.0,0.0,0.0,0.001,0.001,0.001,0.0,0.001,0.0,0.001,0.0,0.0,0.0,0,0.0,0.0,0,0.0,0.0,NM,NM,0,13.052,NM,NM,NM,176206.0,NM,0.012,0.026,0.003,0.013,0.023,0.042,ML_28_Inflow,2439-003,2439-003,NM,74.250,NM,443.300,,221.700,6.47,ML_28,176206000,6.867252211527365
ML_28_Outflow,Outflow,BellwoodC,40.665278,-78.406389,2439-005,SEE_HEADER,22.849,0.0,6.013,45491.191,10420.207,0.0,3261.351,0.0,1417.862,50230,0.0,0.423,0.31,2.395,1026.104,648.9,9.121,16.262,1.353,0.0,0.044,0.0,0.0,0.0,1.923,336.605,0.0,0.0,0.0,0.0,0.0,0.0,0,0.642,0.084,0,0.0,23.895,0.001,0.0,0.0,0.0,0.0,0.0,0.001,0.001,0.0,0.0,0.0,0.0,0.0,0.0,0.0,0.0,0,0.0,0.076,0,0.0,0.0,NM,NM,0,57.141,NM,NM,NM,114770.0,NM,0.003,0.001,0.002,0.0,0.003,0.003,ML_28_Outflow,2439-005,2439-005,NM,104.000,NM,513.500,,256.700,7.23,ML_28,114770000,2.922643437145212
ML_29_Inflow,Inflow,Webster,40.465278,-78.835,2439-021,SEE_HEADER,77.201,5.038,11.359,1791.071,23484.777,17870.0,13567.2,0.0,1207.759,36630,5.144,1.09,0.22,8.944,2451.241,9648.262,95.946,183.501,16.896,340.556,0.588,0.093,0.448,1.723,3.606,329.838,28.911,0.0,0.0,0.045,0.023,0.577,0,1.213,0.087,0,0.017,9.837,3.783,12.201,1.996,10.61,3.931,1.052,6.352,1.167,6.637,1.28,3.551,0.459,2.698,0.403,0.033,0.0,0,0.0,2.156,0,0.65,0.858,NM,NM,0,0,NM,NM,NM,415584.0,NM,56.12,33.73399999999999,20.419,36.02200000000001,85.031,90.175,ML_29_Inflow,2439-021,2439-021,62.640,NM,NM,946.100,,473.100,2.97,ML_29,415584000,142.95662169563647
ML_3_Inflow,Inflow,Lowber,40.249304,-79.765766,2405-007,SEE_HEADER,67.19,0.139,176.538,433844.571,38526.275,23.01,9609.328,0.0,4255.998,135600,0.09,1.047,0.214,0.322,1006.0,46323.395,1.903,4.102,4.688,56.393,0.031,0.15,1.635,2.821,6.686,2099.77,0.959,0.0,0.0,0.359,0.075,0.016,0,0.0,0.0,0,0.051,13.687,0.0,0.029,0.005,0.009,0.011,0.006,0.047,0.009,0.062,0.018,0.055,0.008,0.048,0.008,0.0,0.0,0,0.0,0.08,0,0.0,0.165,NM,NM,0,139.234,NM,NM,NM,963812.0,NM,0.315,0.133,0.153,1.078,1.274,1.364,ML_3_Inflow,2405-007,2405-007,NM,324.000,2.153,NM,1.076,NM,6.68,ML_3,963812000,13.895614421617363
ML_3_Outflow,Outflow,Lowber,40.249304,-79.765766,2405-003,SEE_HEADER,69.105,0.0,192.22,437482.779,40229.197,14.401,5711.304,0.0,4389.411,118400,0.054,0.673,0.349,0.203,176.7,13.791,0.358,2.538,2.296,0.0,0.011,0.055,0.0,4.14,6.642,1915.131,0.017,0.0,0.0,0.412,0.0,0.0,0,0.0,0.013,0,0.099,8.705,0.0,0.0,0.0,0.0,0.001,0.0,0.002,0.0,0.0,0.0,0.002,0.0,0.005,0.002,0.0,0.0,0,0.0,0.006,0,0.0,0.151,NM,NM,0,140.059,NM,NM,NM,974037.0,NM,0.012,0.054,0.003,0.026,0.029,0.08300000000000002,ML_3_Outflow,2405-003,2405-003,NM,247.000,2.276,NM,1.138,NM,7.91,ML_3,974037000,8.77263538173772
ML_30_Inflow,Inflow,Richards,40.663325,-78.980273,2439-014,SEE_HEADER,73.607,4.014,15.164,8963.386,25097.231,15470.0,8819.34,0.0,2195.198,78890,6.897,0.905,0.2,7.823,1442.39,18132.21,55.961,143.424,12.997,213.51,0.511,0.116,0.694,1.953,5.958,736.544,34.051,0.0,0.0,0.0,0.006,0.189,0,0.135,0.008,0,0.045,29.902,3.549,12.789,2.224,12.527,5.73,1.651,8.756,1.458,8.085,1.533,4.136,0.525,3.055,0.457,0.052,0.0,0,0.0,0.95,0,1.41,0.573,NM,NM,0,7.777,NM,NM,NM,526707.0,NM,66.475,37.986,27.213,42.224,100.526,107.423,ML_30_Inflow,2439-014,2439-014,88.190,NM,1.073,NM,,536.700,3.05,ML_30,526707000,115.52148866020937
ML_31_Outflow,Outflow,McCaslin,40.491944,-80.290556,2439-012,SEE_HEADER,195.995,2.558,157.066,35684.673,43772.817,4158.0,17555.509,0.0,2416.128,150900,1.111,1.091,0.387,1.989,2731.347,210.218,69.934,174.627,14.961,234.154,1.189,0.246,1.108,2.676,3.25,425.369,34.619,0.375,0.0,0.357,0.013,1.558,0,0.364,0.046,0,0.0,10.335,14.992,47.099,7.697,36.697,9.877,2.211,10.716,1.512,7.451,1.306,3.4,0.406,2.317,0.343,0.054,0.0,0,0.0,0.226,0,0.0,0.864,NM,NM,0,76.696,NM,NM,NM,603775.0,NM,146.024,107.596,33.073,41.085,180.643,181.754,ML_31_Outflow,2439-012,2439-012,50.620,NM,1.191,NM,,595.300,4.58,ML_31,603775000,58.91130525315205
ML_32_Inflow,Inflow,NorthFork,40.474444,-80.277778,2439-011,SEE_HEADER,94.449,0.764,373.307,71832.793,57522.265,1237.0,11447.719,0.0,11203.414,149100,0.468,0.825,0.395,1.925,4441.012,69482.707,37.53,72.37,1.633,96.221,0.33,0.117,4.376,0.0,16.737,1196.934,10.411,0.0,0.0,0.122,0.029,0.347,0,0.915,0.075,0,0.129,23.713,2.675,9.441,1.532,7.726,2.0,0.476,2.615,0.373,1.825,0.343,0.864,0.102,0.539,0.084,0.012,0.0,0,0.0,0.015,0,0.0,0.0,NM,NM,0,133.088,NM,NM,NM,666243.0,NM,30.595,21.842,7.632000000000001,12.0,41.006,41.474,ML_32_Inflow,2439-011,2439-011,NM,44.380,1.576,NM,,787.100,5.74,ML_32,666243000,17.401411476610967
ML_33_Inflow,Inflow,Sterrett,41.2295,-79.9431,2479-008,SEE_HEADER,121.249,7.575,788.2,8660.0,36923.0,23380.0,NM,0.0,0.0,96550,3.042,0.0,0.275,5.683,6704.682,1201.0,260.483,433.186,20.06,819.301,7.021,0.691,3.934,87.789,3.142,150.7,60.873,0.69,0.0,0.0,0.082,1.505,NM,0.08,0.0,NM,0.014,0.0,34.451,99.345,12.191,54.136,14.09,3.742,15.637,2.806,13.28,2.428,7.019,0.933,5.718,0.835,0.23,0.0,NM,0.298,1.039,NM,0.596,2.11,0,37340,NM,25.616,NM,NM,0,565636.0,NM,266.611,203.165,51.983,75.378,327.484,330.526,ML_33_Inflow,2479-008,2479-008,28.652,NM,1.047,NM,,523.000,3.28,ML_33,565636000,221.57742957701456
ML_33_Outflow,Outflow,Sterrett,41.2295,-79.9431,2479-004,SEE_HEADER,93.736,0.134,0.0,7530.0,30403.0,0.0,NM,0.0,0.0,186800,0.303,0.0,0.376,0.0,365.77,0.0,9.81,92.438,0.0,116.892,0.292,0.0,0.703,0.0,3.108,295.0,0.811,0.434,0.0,0.0,0.077,0.0,NM,0.086,0.0,NM,0.007,0.0,0.867,0.802,0.128,0.471,0.034,0.02,0.101,0.014,0.094,0.021,0.044,0.006,0.029,0.003,0.025,0.0,NM,0.176,0.0,NM,0.101,0.645,0,19940,NM,25,NM,NM,0,444774.0,NM,2.633999999999999,2.571,0.284,0.8930000000000001,3.444999999999999,3.748,ML_33_Outflow,2479-004,2479-004,NM,138.500,1.006,NM,,503.000,7.75,ML_33,444774000,5.566913072964557
ML_34_Inflow,Inflow,US91,41.225926,-79.944447,2479-009,SEE_HEADER,101.825,3.523,677.9,4840.0,44113.0,6261.0,NM,0.0,0.0,55790,0.674,0.0,0.263,0.276,14359.343,953.0,273.338,342.091,3.347,619.467,3.685,0.311,2.204,53.149,5.843,121.3,41.106,0.413,0.0,0.0,0.066,1.292,NM,0.078,0.0,NM,0.024,0.0,14.692,42.193,5.227,25.072,7.598,2.221,9.348,1.641,8.001,1.414,3.813,0.455,2.686,0.381,0.124,0.0,NM,0.343,0.956,NM,0.12,0.367,0,22130,NM,17.913,NM,NM,0,383601.0,NM,124.742,87.858,30.223,48.441,165.848,166.522,ML_34_Inflow,2479-009,2479-009,107.200,NM,NM,729.800,,364.000,3.6,ML_34,383601000,139.42957032755692
ML_34_Outflow,Outflow,US91,41.225926,-79.944447,2479-005,SEE_HEADER,90.541,1.016,0.0,0.0,43433.0,0.0,NM,0.0,0.0,76840,0.283,0.0,0.292,0.0,7851.136,220.3,132.724,210.099,0.0,420.482,2.102,0.445,0.639,0.0,5.644,175.2,20.01,0.441,0.0,0.0,0.08,0.647,NM,0.079,0.0,NM,0.021,0.0,9.444,18.613,2.732,12.211,2.95,0.706,4.182,0.682,2.991,0.532,1.369,0.144,0.726,0.1,0.066,0.0,NM,0.234,0.055,NM,0.103,0.138,0,18560,NM,18,NM,NM,0,360652.0,NM,57.38200000000001,43.283,12.043,22.349,77.39200000000001,77.675,ML_34_Outflow,2479-005,2479-005,NM,11.081,NM,667.700,,333.000,6.1,ML_34,360652000,15.959209200096943
ML_35_Inflow,Inflow,SandyRun,40.073,-78.1316,2479-010,SEE_HEADER,100.452,7.86,702.6,3492.0,14033.0,31100.0,NM,0.0,0.0,13170,14.867,0.0,0.325,10.022,1895.358,53550.0,366.989,754.693,52.862,1929.608,2.815,0.341,1.439,86.364,7.451,26.47,92.896,0.463,0.0,0.0,0.108,1.872,NM,0.108,124.171,NM,0.117,0.0,7.981,25.696,3.434,16.234,4.636,1.146,6.316,1.755,12.815,2.954,9.263,1.375,8.349,1.314,0.184,1.33,NM,0.247,0.834,NM,1.16,3.005,0,41160,NM,18.498,NM,NM,0,446170.0,NM,103.268,68.21199999999999,29.622,113.197,196.164,211.031,ML_35_Inflow,2479-010,2479-010,120.300,NM,1.344,NM,,671.000,2.58,ML_35,446170000,151.7805522839659
ML_35_Outflow,Outflow,SandyRun,40.073,-78.1316,2479-006,SEE_HEADER,109.029,0.062,93.92,0.0,19683.0,0.0,NM,0.0,0.0,192800,0.0,0.0,0.347,0.0,10.25,198.1,0.0,158.393,0.0,68.903,0.0,0.0,0.512,0.0,8.181,337.2,0.017,0.434,0.0,0.0,0.084,0.0,NM,0.076,1.445,NM,0.045,0.0,0.0,0.0,0.0,0.0,0.0,0.0,0.0,0.0,0.004,0.003,0.0,0.001,0.0,0.0,0.021,0.0,NM,0.13,0.0,NM,0.104,0.243,0,18940,NM,17.3,NM,NM,0,399085.0,NM,0.008,,0.007,0.018,0.025,0.025,ML_35_Outflow,2479-006,2479-006,NM,131.200,NM,863.300,,431.000,7.99,ML_35,399085000,4.193548869754586
ML_36_Inflow,Inflow,Flight93,40.0561,-78.9061,2479-002,SEE_HEADER,22.488,0.062,38.28,5250.0,143343.0,0.0,NM,0.0,4188.0,240400,0.0,0.0,0.279,0.0,7046.12,23110.0,27.964,26.647,0.0,0.0,0.237,0.0,0.0,0.0,7.099,504.4,0.015,0.438,0.0,0.0,0.075,0.0,NM,0.079,0.0,NM,0.084,0.0,0.0,0.0,0.0,0.0,0.0,0.0,0.0,0.0,0.002,0.003,0.0,0.001,0.0,0.0,0.023,0.0,NM,0.106,0.0,NM,0.103,0.581,0,8092,NM,24.963,NM,NM,0,1081849.0,NM,0.006,,0.005,0.016,0.021,0.021,ML_36_Inflow,2479-002,2479-002,NM,198.500,1.850,NM,,926.000,7.13,ML_36,1081849000,10.104477969243
ML_36_Outflow,Outflow,Flight93,40.0561,-78.9061,2479-003,SEE_HEADER,25.058,0.057,0.0,6350.0,149443.0,0.0,NM,0.0,3777.0,236500,0.221,0.0,0.267,0.0,530.218,199.3,1.571,9.675,0.0,0.0,0.0,0.0,0.0,0.0,6.867,475.1,0.012,0.429,0.0,0.0,0.074,0.0,NM,0.082,0.0,NM,0.069,0.0,0.0,0.0,0.0,0.0,0.0,0.0,0.0,0.0,0.004,0.003,0.0,0.001,0.0,0.0,0.021,0.0,NM,0.1,0.0,NM,0.103,0.479,0,6488,NM,22.044,NM,NM,0,1068185.0,NM,0.008,0.221,0.007,0.013,0.02,0.241,ML_36_Outflow,2479-003,2479-003,NM,166.300,1.871,NM,,935.000,8.11,ML_36,1068185000,9.353394284638787
ML_37_Inflow,Inflow,Powerline,40.1518,-78.4406,2479-011,SEE_HEADER,194.665,10.863,445.6,11190.0,96203.0,20870.0,NM,0.0,0.0,55510,3.698,0.0,0.349,2.013,21289.293,668.2,794.715,1153.561,59.709,3203.042,5.239,0.656,2.554,107.455,8.312,111.5,77.799,0.54,0.0,1.129,1.028,4.237,NM,0.117,0.474,NM,0.056,0.0,23.244,60.568,8.406,37.634,9.944,2.151,12.886,2.63,14.53,2.922,8.722,1.174,6.946,1.075,0.258,0.0,NM,0.566,1.165,NM,1.912,2.529,0,24840,NM,17.241,NM,NM,0,750167.0,NM,192.832,133.55,45.063,95.71600000000001,270.631,274.329,ML_37_Inflow,2479-011,2479-011,21.600,NM,1.260,NM,,632.000,3.34,ML_37,750167000,327.4664687076516
ML_37_Outflow,Outflow,Powerline,40.1518,-78.4406,2479-007,SEE_HEADER,137.727,0.053,412.3,180430.0,3444.0,872.8,NM,0.0,0.0,63210,0.0,0.0,0.314,0.0,8.635,0.0,0.0,0.0,0.0,0.0,0.0,0.0,0.0,0.0,7.245,144.4,0.0,0.44,0.0,0.0,0.058,0.0,NM,0.19,0.0,NM,0.047,0.0,0.0,0.0,0.0,0.0,0.0,0.0,0.0,0.0,0.004,0.003,0.0,0.001,0.0,0.0,0.024,0.0,NM,0.172,0.0,NM,0.103,0.154,0,11630,NM,19.324,NM,NM,0,518039.0,NM,0.008,,0.007,0.001,0.008,0.008,ML_37_Outflow,2479-007,2479-007,NM,45.630,1.134,NM,,567.000,9.23,ML_37,518039000,3.530184729126946
ML_4_Inflow,Inflow,Jennings,41.008611,-80.0,2405-015,SEE_HEADER,85.269,5.121,0.0,2290.108,43066.716,18011.003,18316.789,0.0,2131.863,74280,2.019,0.999,0.447,5.039,12660.0,15686.88,168.438,408.588,13.463,459.82,1.255,0.332,1.584,2.814,6.34,154.341,77.082,0.0,0.0,0.0,0.023,0.584,0,0.0,0.0,0,0.023,5.842,5.957,33.433,6.875,42.697,14.783,3.876,19.521,3.104,16.616,2.964,7.19,0.816,4.364,0.597,0.107,0.0,0,0.457,0.615,0,0.179,1.158,NM,NM,0,6.135,NM,NM,NM,584754.0,NM,162.793,90.981,60.864,90.04899999999999,239.875,241.894,ML_4_Inflow,2405-015,2405-015,26.900,NM,1.110,NM,NM,558.000,3.31,ML_4,584754000,235.71836930337483
ML_4_Outflow,Outflow,Jennings,41.008611,-80.0,2405-008,SEE_HEADER,80.567,0.558,15.351,4166.358,41186.012,548.717,14819.005,0.0,3131.131,131800,0.097,0.98,0.0,0.308,714.6,53.536,1.292,90.682,1.106,95.108,0.035,0.007,0.0,0.63,7.162,254.978,1.402,0.0,0.0,0.0,0.0,0.093,0,0.0,0.0,0,0.0,8.458,0.198,0.111,0.072,0.364,0.089,0.021,0.163,0.022,0.129,0.026,0.057,0.005,0.026,0.003,0.0,0.0,0,0.014,0.008,0,0.0,0.011,NM,NM,0,6.98,NM,NM,NM,493587.0,NM,1.286,0.8420000000000001,0.4500000000000001,1.493,2.688,2.785,ML_4_Outflow,2405-008,2405-008,NM,13.800,NM,915.000,NM,457.000,6.21,ML_4,493587000,18.37094494210252
ML_5_Inflow,Inflow,Barkley,40.970278,-80.023056,2405-010,SEE_HEADER,10.318,0.026,34.436,17889.085,22433.203,48.185,4334.473,0.0,2840.338,69460,0.041,0.353,0.0,0.524,2947.0,18282.411,9.766,23.153,0.227,23.829,0.065,0.03,1.642,0.48,3.234,525.399,0.279,0.0,0.0,0.127,0.023,0.005,0,0.0,0.0,0,0.0,15.519,0.0,0.061,0.01,0.032,0.012,0.005,0.032,0.005,0.024,0.005,0.015,0.001,0.007,0.001,0.0,0.0,0,0.036,0.0,0,0.0,0.0,NM,NM,0,15.886,NM,NM,NM,287288.0,NM,0.21,0.144,0.083,0.303,0.489,0.53,ML_5_Inflow,2405-010,2405-010,NM,67.100,NM,630.000,NM,315.000,6.11,ML_5,287288000,10.492876063220232
ML_5_Outflow,Outflow,Barkley,40.970278,-80.023056,2405-009,SEE_HEADER,10.752,0.038,37.938,18140.588,23025.296,14.375,3553.585,0.0,2761.221,66900,0.019,0.35,0.038,0.631,2712.0,1041.341,8.707,21.475,0.247,18.143,0.08,0.0,0.0,0.385,3.15,530.392,0.023,0.0,0.0,0.0,0.0,0.003,0,0.0,0.0,0,0.0,13.236,0.0,0.003,0.001,0.0,0.001,0.0,0.001,0.0,0.001,0.0,0.001,0.0,0.001,0.0,0.0,0.0,0,0.021,0.0,0,0.0,0.0,NM,NM,0,15.595,NM,NM,NM,271796.0,NM,0.009000000000000001,0.023,0.003,0.025,0.032,0.051,ML_5_Outflow,2405-009,2405-009,NM,41.400,NM,596.000,NM,298.000,6.31,ML_5,271796000,9.377106414758128
ML_6_Inflow,Inflow,BC19,41.162222,-79.918889,2405-006,SEE_HEADER,29.964,0.18,23.426,26877.033,33577.532,9.259,3368.411,0.0,3970.261,142700,0.033,0.443,0.0,0.193,7108.0,35089.374,64.209,39.663,1.219,5.419,0.172,0.062,0.715,1.82,6.041,530.401,2.429,0.0,0.0,0.0,0.014,0.0,0,0.0,0.0,0,0.0,20.468,0.341,0.678,0.1,0.527,0.118,0.034,0.25,0.037,0.218,0.048,0.118,0.013,0.067,0.01,0.0,0.0,0,0.0,0.024,0,0.0,0.026,NM,NM,0,36.997,NM,NM,NM,458340.0,NM,2.559,1.679,0.7050000000000001,2.637,4.988,5.021,ML_6_Inflow,2405-006,2405-006,NM,98.100,1.026,NM,NM,513.000,6.31,ML_6,458340000,9.450113332594572
ML_6_Outflow,Outflow,BC19,41.162222,-79.918889,2405-005,SEE_HEADER,30.603,0.0,29.895,30824.225,31381.461,17.861,2830.477,0.0,3941.922,133500,0.0,0.537,0.0,0.224,6231.0,6339.604,45.95,29.888,1.793,0.0,0.159,0.013,0.0,2.708,6.041,540.915,0.029,0.0,0.0,0.0,0.0,0.0,0,0.0,0.0,0,0.0,20.755,0.0,0.004,0.001,0.0,0.001,0.001,0.002,0.0,0.001,0.0,0.001,0.0,0.001,0.0,0.0,0.0,0,0.0,0.0,0,0.0,0.009,NM,NM,0,41.136,NM,NM,NM,424397.0,NM,0.012,0.005,0.005,0.031,0.04100000000000001,0.041,ML_6_Outflow,2405-005,2405-005,NM,95.400,NM,968.000,NM,484.400,6.86,ML_6,424397000,9.609755415508172
ML_7_Inflow,Inflow,De_Sale_III,41.142222,-79.837778,2405-017,SEE_HEADER,48.038,0.505,0.0,13487.194,84132.588,889.472,5126.572,0.0,4147.561,112400,0.085,0.421,0.0,0.156,41700.0,39537.948,280.867,275.354,2.194,257.763,0.885,0.039,0.235,0.0,5.359,222.882,8.126,0.0,0.0,0.0,0.024,0.35,0,0.0,0.0,0,0.0,17.609,3.341,7.335,0.807,3.692,0.875,0.233,1.388,0.202,1.074,0.203,0.488,0.051,0.27,0.037,0.0,0.0,0,0.038,2.171,0,0.034,0.028,NM,NM,0,42.288,NM,NM,NM,815867.0,NM,19.996,15.26,3.975,8.972,28.122,28.207,ML_7_Inflow,2405-017,2405-017,89.400,NM,1.670,NM,NM,833.000,3.45,ML_7,815867000,372.4417095305484
ML_7_Outflow,Outflow,De_Sale_III,41.142222,-79.837778,2405-011,SEE_HEADER,62.264,0.222,0.0,12072.948,86415.362,87.347,3074.161,0.0,4424.92,166900,0.023,0.444,0.0,0.183,18260.0,23.081,47.941,199.808,0.366,162.106,0.572,0.012,0.0,0.651,4.91,312.465,2.744,0.0,0.0,0.0,0.0,0.18,0,0.0,0.0,0,0.0,4.816,1.48,1.412,0.237,1.025,0.204,0.054,0.384,0.05,0.253,0.05,0.109,0.011,0.051,0.008,0.0,0.0,0,0.0,0.0,0,0.0,0.005,NM,NM,0,26.462,NM,NM,NM,805354.0,NM,5.328,4.177,0.9950000000000001,2.923,8.072000000000001,8.095,ML_7_Outflow,2405-011,2405-011,NM,35.600,1.360,NM,NM,682.000,6.8,ML_7,805354000,29.11467043971468
ML_7_SP2_Fluid,Other,De_Sale_III,41.142222,-79.837778,2405-012,SEE_HEADER,66.386,0.048,0.0,12154.278,85845.45,25.7,2812.351,0.0,4486.442,167000,0.015,0.448,0.0,0.216,32960.0,274.134,159.74,164.007,0.284,19.245,0.87,0.0,0.184,0.0,4.907,319.866,0.695,0.0,0.0,0.0,0.0,0.003,0,0.0,0.0,0,0.0,17.422,0.52,0.652,0.069,0.263,0.055,0.017,0.105,0.012,0.062,0.011,0.028,0.003,0.015,0.002,0.0,0.0,0,0.0,0.0,0,0.0,0.025,NM,NM,0,29.651,NM,NM,NM,823208.0,NM,1.814,1.519,0.262,0.743,2.509,2.524,ML_7_SP2_Fluid,2405-012,2405-012,NM,NM,NM,NM,NM,NM,7.16,ML_7,823208000,37.691064275935595
ML_7_VFP2_Fluid,Other,De_Sale_III,41.142222,-79.837778,2405-014,SEE_HEADER,68.055,2.279,0.0,12034.434,79638.346,2734.154,3798.553,0.0,3948.471,125500,0.03,0.452,0.036,0.138,34360.0,18805.743,346.283,516.946,0.152,284.328,1.886,0.276,1.733,2.284,4.949,233.873,66.148,0.0,0.0,0.0,0.016,0.108,0,0.0,0.025,0,0.0,29.836,24.419,56.93,7.566,36.648,9.014,2.472,14.267,1.988,10.237,1.883,4.47,0.471,2.312,0.33,0.068,0.0,0,0.008,0.546,0,0.0,0.022,NM,NM,0,28.332,NM,NM,NM,783549.0,NM,173.0070000000001,125.593,39.861,73.731,239.1550000000001,239.185,ML_7_VFP2_Fluid,2405-014,2405-014,NM,NM,NM,NM,NM,NM,4.19,ML_7,783549000,204.2475256834118
ML_8_Inflow,Inflow,Bog,41.201667,-79.1625,2417-011,SEE_HEADER,105.823,2.91,10.459,1769.109,55229.129,2361.0,5331.743,0.0,3545.528,78600,0.071,0.0,0.0,0.793,22210.0,4124.0,243.457,354.266,1.106,510.736,0.672,0.052,0.629,0.0,6.177,175.284,29.142,0.0,0.0,0.0,0.328,0.431,0,0.45,0.179,0,0.0,3.454,5.855,16.156,2.294,12.085,3.641,0.989,5.776,0.901,4.872,0.949,2.388,0.29,1.605,0.237,0.017,0.0,0,0.096,0.642,0,0.168,0.115,NM,NM,0,6.53,0,0,0,540525.0,0,58.038,36.461,17.128,33.662,87.17999999999999,87.251,ML_8_Inflow,2417-011,2417-011,74.900,NM,NM,991.400,NM,495.700,3.86,ML_8,540525000,140.04348123504624
ML_8_Outflow,Outflow,Bog,41.201667,-79.1625,2417-002,SEE_HEADER,136.484,0.289,14.848,1851.569,56175.684,0.0,4377.045,22.885,4894.965,158500,0.062,0.0,0.0,0.897,1236.0,440.7,0.568,20.213,0.287,16.943,0.028,0.0,0.0,0.0,6.44,327.157,0.162,0.149,0.0,0.251,0.0,0.0,0,0.371,0.0,0,0.0,0.093,0.013,0.012,0.001,0.0,0.0,0.0,0.002,0.0,0.004,0.001,0.003,0.0,0.002,0.0,0.0,0.0,0,0.0,0.0,0,0.0,0.203,NM,NM,0,0,0,0,0,529499.0,0,0.03800000000000001,0.088,0.007,0.167,0.2,0.262,ML_8_Outflow,2417-002,2417-002,NM,119.000,1.066,NM,NM,532.900,7.26,ML_8,529499000,8.419233291951858
ML_9_Inflow,Inflow,McKinley_I,41.193333,-79.163611,2417-009,SEE_HEADER,70.963,0.213,20.507,17078.604,80291.572,618.3,4444.362,0.0,4156.101,161900,0.0,0.0,0.0,0.267,33380.0,33540.0,128.141,248.917,0.24,147.238,0.508,0.023,0.756,0.0,5.73,339.125,2.515,0.0,0.0,0.0,0.0,0.061,0,0.079,0.0,0,0.0,0.081,1.058,2.293,0.286,1.247,0.269,0.062,0.392,0.055,0.289,0.056,0.145,0.015,0.09,0.014,0.0,0.0,0,0.016,0.0,0,0.0,0.009,NM,NM,0,47.018,0,0,0,791352.0,0,6.271,4.884,1.123,2.779,8.786,8.786000000000001,ML_9_Inflow,2417-009,2417-009,NM,59.900,1.474,NM,NM,737.100,5.69,ML_9,791352000,84.40157669919566
ML_9_Outflow,Outflow,McKinley_I,41.193333,-79.163611,2417-005,SEE_HEADER,28.109,0.0,16.129,11902.645,18701.556,0.0,2613.55,432.144,2021.629,54890,0.0,0.769,0.198,0.462,5232.0,0.0,0.214,2.214,0.172,1.371,0.105,0.0,0.0,0.0,2.911,122.075,0.049,0.0,0.0,0.0,0.0,0.0,0,0.1,0.0,0,0.0,10.47,0.011,0.022,0.002,0.0,0.004,0.0,0.008,0.0,0.005,0.001,0.003,0.0,0.004,0.0,0.0,0.0,0,0.0,0.0,0,0.0,0.034,NM,NM,0,27.139,0,0,0,161932.0,0,0.06,0.035,0.018,0.05600000000000001,0.109,0.109,ML_9_Outflow,2417-005,2417-005,NM,96.600,NM,506.300,NM,253.100,7.07,ML_9,161932000,6.725468492730004
